{"components/cloudnav/products/cta":"<div class=\"cta-bar\">\n\t{{!-- <section class=\"product-page-progress\"> --}}\n\t\t{{!-- <h3>Dont Miss Out</h3> --}}\n\t\t{{!-- {{> components/cloudnav/cart-meter}} --}}\n\t{{!-- </section> --}}\n\t<div class=\"level is-mobile\">\n\t\t<div class=\"level-left\">\n\t\t\t<div class=\"hide-on-mobile\">\n\t\t\t\t{{> components/cloudnav/products/price}}\n\t\t\t\t{{> components/products/bulk-discount-rates}}\n\t\t\t</div>\n\t\t</div>\n\t\t<div class=\"level-right\">\n\n\n\t\t\t<div class=\"min-cta\">\n\t\t\t\t{{#if product.can_purchase}}\n\t                {{> components/products/add-to-cart}}\n\t            {{else}}\n\t            \t<p class=\"f p1em\">Temporarily Unavailable</p>\n\t            {{/if}}\n\t            {{#if product.out_of_stock}}\n\t            <h1>out</h1>\n\t                {{#if product.out_of_stock_message}}\n\t                    {{> components/common/alert-error product.out_of_stock_message}}\n\t                {{else}}\n\t                    {{> components/common/alert-error (lang 'products.sold_out')}}\n\t                {{/if}}\n\t            {{/if}}\n\t            {{#if product.event_date}}\n\t                {{> components/products/event-date}}\n\t            {{/if}}\n\t            <div class=\"form-field form-field--stock{{#unless product.stock_level}} u-hiddenVisually{{/unless}}\">\n\t                <label class=\"form-label form-label--alternate\">\n\t                    {{lang 'products.current_stock'}}\n\t                    <span data-product-stock>{{product.stock_level}}</span>\n\t                </label>\n\t            </div>\n\t\t\t</div>\n\n\n\n\t\t</div>\n\t</div>\n</div>\n\n\n\n{{!-- after add to cart modal --}}\n<div id=\"previewModal\" class=\"modal modal--large\" data-reveal>\n    <a href=\"#\" class=\"modal-close\" aria-label=\"{{lang 'common.close'}}\" role=\"button\">\n        <span aria-hidden=\"true\">&#215;</span>\n    </a>\n    <div class=\"modal-content\"></div>\n    <div class=\"loadingOverlay\"></div>\n</div>\n\n<div id=\"confirmationPop\" class=\"hide\"></div>\n\n\n\n\n\n\n\n\n\n\n\n\n\n\n\n\n\n\n\n\n\n","components/cloudnav/products/price":"{{#if product.call_for_price}}\n    <p class=\"price-container\">\n        <span>{{product.call_for_price}}</span>\n    </p>\n{{/if}}\n<div class=\"price-container\">\n    {{#or customer (if theme_settings.restrict_to_login '!==' true)}}\n        {{> components/products/price price=product.price schema_org=schema}}\n    {{else}}\n        {{> components/common/login-for-pricing}}\n    {{/or}}\n</div>","components/products/add-to-cart":"<div class=\"level is-mobile qty-and-add m0\">\n\n  <div class=\"level-item qty-controls\">\n    <div class=\"form-field form-field--increments\">\n        <label class=\"form-label form-label--alternate\"\n               for=\"qty[]\">{{lang 'products.quantity'}}</label>\n\n        <div class=\"form-increment\" data-quantity-change>\n            <button class=\"button button--icon\" data-action=\"dec\">\n                <span class=\"is-srOnly\">{{lang 'products.quantity_decrease'}}</span>\n                <i class=\"icon\" aria-hidden=\"true\">\n                    <svg>\n                        <use xlink:href=\"#icon-keyboard-arrow-down\"/>\n                    </svg>\n                </i>\n            </button>\n            <input class=\"form-input form-input--incrementTotal\"\n                   id=\"qty[]\"\n                   name=\"qty[]\"\n                   type=\"tel\"\n                   value=\"{{#if product.min_purchase_quantity}}{{product.min_purchase_quantity}}{{else}}1{{/if}}\"\n                   data-quantity-min=\"{{product.min_purchase_quantity}}\"\n                   data-quantity-max=\"{{product.max_purchase_quantity}}\"\n                   min=\"1\"\n                   pattern=\"[0-9]*\"\n                   aria-live=\"polite\">\n            <button class=\"button button--icon\" data-action=\"inc\">\n                <span class=\"is-srOnly\">{{lang 'products.quantity_increase'}}</span>\n                <i class=\"icon\" aria-hidden=\"true\">\n                    <svg>\n                        <use xlink:href=\"#icon-keyboard-arrow-up\"/>\n                    </svg>\n                </i>\n            </button>\n        </div>\n    </div>\n  </div>\n\n  <div class=\"level-item add-button\">\n    <div class=\"alertBox productAttributes-message\" style=\"display:none\">\n        <div class=\"alertBox-column alertBox-icon\">\n            <icon glyph=\"ic-success\" class=\"icon\" aria-hidden=\"true\"><svg xmlns=\"http://www.w3.org/2000/svg\" width=\"24\" height=\"24\" viewBox=\"0 0 24 24\"><path d=\"M12 2C6.48 2 2 6.48 2 12s4.48 10 10 10 10-4.48 10-10S17.52 2 12 2zm1 15h-2v-2h2v2zm0-4h-2V7h2v6z\"></path></svg></icon>\n        </div>\n        <p class=\"alertBox-column alertBox-message\"></p>\n    </div>\n    {{#or customer (if theme_settings.restrict_to_login '!==' true)}}\n        <div class=\"form-action\">\n            <!-- submit -->\n            <a class=\"btn green-bg\" data-addButton>{{#if product.pre_order}}{{lang 'products.pre_order'}}{{else}}{{lang 'products.add_to_cart'}}{{/if}}</a>\n        </div>\n         {{{snippet 'product_addtocart'}}}\n    {{/or}}\n  </div>\n\n</div>","components/common/alert-error":"<div class=\"alertBox alertBox--error\">\n    <div class=\"alertBox-column alertBox-icon\">\n        <icon glyph=\"ic-error\" class=\"icon\" aria-hidden=\"true\"><svg xmlns=\"http://www.w3.org/2000/svg\" width=\"24\" height=\"24\" viewBox=\"0 0 24 24\"><path d=\"M12 2C6.48 2 2 6.48 2 12s4.48 10 10 10 10-4.48 10-10S17.52 2 12 2zm1 15h-2v-2h2v2zm0-4h-2V7h2v6z\"></path></svg></icon>\n    </div>\n    <p class=\"alertBox-column alertBox-message\">\n        <span>{{{this}}}</span>\n    </p>\n</div>\n","components/products/bulk-discount-rates":"\n{{#if product.bulk_discount_rates.length}}\n    {{!-- {{#if product}}<dt class=\"productView-info-name\">{{lang 'products.bulk_pricing.title'}}</dt>{{/if}} --}}\n    <dd class=\"productView-info-value\">\n        <a href=\"{{url}}\"\n           {{#unless is_ajax }}data-reveal-id=\"bulkPricingModal{{#if id}}-{{id}}-{{$index}}{{/if}}\">{{/unless}}\n            {{lang 'products.bulk_pricing.view'}}\n        </a>\n    </dd>\n    <div id=\"bulkPricingModal{{#if id}}-{{id}}-{{$index}}{{/if}}\" class=\"modal modal--small\" data-reveal>\n        <div class=\"modal-header\">\n            <h2 class=\"modal-header-title\">{{lang 'products.bulk_pricing.modal_title'}}</h2>\n            <a href=\"#\" class=\"modal-close\" aria-label=\"Close\"><span aria-hidden=\"true\">&#215;</span></a>\n        </div>\n        <div class=\"modal-body\">\n            <p>{{lang 'products.bulk_pricing.instructions'}}</p>\n            <br>\n            <ul>\n                {{#each product.bulk_discount_rates}}\n                <li>\n                    {{lang 'products.bulk_pricing.range' min=min max=max}}\n                    {{#if type '===' 'percent'}}\n                    {{lang 'products.bulk_pricing.percent' discount=discount.formatted}}\n                    {{/if}}\n                    {{#if type '===' 'fixed'}}\n                    {{lang 'products.bulk_pricing.fixed' discount=discount.formatted}}\n                    {{/if}}\n                    {{#if type '===' 'price'}}\n                    {{lang 'products.bulk_pricing.price' discount=discount.formatted}}\n                    {{/if}}\n                </li>\n                {{/each}}\n            </ul>\n            <p class=\"disclaim\">\n                <em>**Product must be same style and flavor to qualify for bulk pricing.</em>\n            </p>\n        </div>\n    </div>\n{{/if}}\n","components/cloudnav/cart-meter":"<div class=\"row counter\">\n  <div class=\"tac\">\n    <h3>Almost!</h3>\n    <p></p>\n  </div>\n  <div>\n    <div class=\"counter-in-minicart\">\n      <div class=\"meter js-meter\">\n        <div class=\"meter-bar js-meter-bar\"></div>\n        <div class=\"would\" data-tooltip=\"if this were added\" data-placement=\"bottom\"></div>\n        <div class=\"meter-info\"></div>\n        <div class=\"waypoints\"></div> <!-- ticks added in script -->\n      </div>\n      <div class=\"layers\">\n        <div class=\"layer freeShipping-m\" data-tooltip=\"Free Shipping ($25)\" data-placement=\"bottom\">\n          <span class=\"promo\">Free <i class=\"fa fa-truck\"></i></span>\n        </div>\n      </div> <!-- others added in script -->\n    </div>\n  </div>\n</div>\n\n<!-- <div class=\"layer\" data-tooltip=\"$${gate}\" data-placement=\"bottom\"> <span class=\"promo\">${short}</span> </div> -->\n\n<script>\n  $('.js-meter-bar').unbind();\n  var grand_total =\"{{cart.grand_total.formatted}}\".replace('$','');\n  grand_total = grand_total.replace(',', '');\n  var total = parseFloat(grand_total);\n  var cap = 60;\n  var milestones = []\n\n  total = (total>cap) ? cap : total;\n\n  // progress\n  var progress = grand_total/cap;\n  progress = (progress>1) ? .97*100 : progress*100;\n  \n  // freeShipping\n  newTick('freeShipping', 25, 'Shipping', 'Free Shipping');\n  // newTick('tenOff', 100, '10%', '10% Off');\n  // newTick('twentyOff', 200, '20%', '20% Off', 'left');\n\n\n  // set progress\n  $('.js-meter-bar').css('width', progress+'%');\n\n  // Change Messge if goal reached\n  if(progress>96) {\n    $('.tac h3').text('You Qualify for Free Shipping.')\n  }\n\n  function newTick(name, gate, short, long, placement) {\n    placement = (placement) ? placement : 'bottom';\n    var awarded = (gate<=total);\n    var x = parseFloat((gate/cap)*100)+'%';\n    var t = `<div class=\"layer\" style=\"margin-left:${x}\" data-tooltip=\"${long} ($${gate}+)\" data-placement=\"${placement}\"> <span class=\"promo\">${short}</span> </div>`\n    var manual = $(`.${name}-m`);\n   \n    // place waypoint\n    $('.waypoints').append(`<div class=\"waypoint\" style=\"margin-left:${x}\"></div>`);\n    \n    // append layer or just set margin\n    if (manual.length) {\n      $(`.${name}-m`).css('margin-left',x);\n    }else {\n      $('.layers').append(t);\n    }\n\n    // milestones\n    if(!awarded) {\n      milestones.push({\n        fault: gate-total,\n        msg: `You are $${parseFloat(gate-total).toFixed(2)} away from getting ${long}!`\n      });\n    }\n  }\n\n  function SortByFault(a, b){\n    var aa = a.fault;\n    var bb = b.fault; \n    return ((aa < bb) ? -1 : ((aa > bb) ? 1 : 0));\n  }\n  // milestones.sort(SortByName);\n  // milestones.sort(SortByFault)\n  // $('.tac p').html(milestones[0].msg);\n\n</script>\n\n\n\n\n\n\n\n\n\n\n\n\n\n","components/products/event-date":"<div class=\"form-field\">\n    <label class=\"form-label form-label--alternate form-label--inlineSmall\">\n    {{product.event_date.name}}:\n    <small>{{lang 'common.required'}}</small>\n    </label>\n    <select class=\"form-select form-select--date\" name=\"EventDate[Mth]\" required>\n        <option value=\"\">{{lang 'common.month'}}</option>\n        {{#enumerate 1 12}}\n            <option value=\"{{this}}\">{{getShortMonth this}}</option>\n        {{/enumerate}}\n    </select>\n    <select class=\"form-select form-select--date\" name=\"EventDate[Day]\" required>\n        <option value=\"\">{{lang 'common.day'}}</option>\n        {{#enumerate 1 31}}\n            <option value=\"{{this}}\">{{this}}</option>\n        {{/enumerate}}\n    </select>\n    <select class=\"form-select form-select--date\" name=\"EventDate[Yr]\" required>\n        <option value=\"\">{{lang 'common.year'}}</option>\n        {{#enumerate product.event_date.earliest_year product.event_date.latest_year}}\n            <option value=\"{{this}}\" >{{this}}</option>\n        {{/enumerate}}\n    </select>\n</div>\n","components/products/price":"{{#and price.price_range (if theme_settings.price_ranges '==' true)}}\n    {{> components/products/price-range price_range=price.price_range schema_org=schema_org}}\n{{else}}\n    {{#if price.with_tax}}\n        <div class=\"price-section price-section--withTax rrp-price--withTax\" {{#if schema_org}}itemprop=\"offers\" itemscope itemtype=\"http://schema.org/Offer\"{{/if}}>\n            {{#if price.rrp_with_tax}}\n                {{lang 'products.retail_price'}}\n                <span data-product-rrp-with-tax class=\"price price--rrp\"> {{price.rrp_with_tax.formatted}}</span>\n            {{/if}}\n        </div>\n        <div class=\"price-section price-section--withTax non-sale-price---withTax\" {{#if schema_org}}itemprop=\"offers\" itemscope itemtype=\"http://schema.org/Offer\"{{/if}}>\n            {{#if price.non_sale_price_with_tax}}\n                {{lang 'products.price_was'}}\n                <span data-product-non-sale-price-with-tax class=\"price price--rrp\"> {{price.non_sale_price_with_tax.formatted}}</span>\n            {{/if}}\n        </div>\n        <div>\n            <span class=\"price-now-label\">\n                {{#if price.non_sale_price_with_tax}}\n                    {{lang 'products.price_now'}}\n                {{/if}}\n            </span>\n            <span data-product-price-with-tax class=\"price\"> {{price.with_tax.formatted}}</span>\n            {{#if schema_org}}\n                <meta itemprop=\"availability\" content=\"{{product.availability}}\">\n                <meta itemprop=\"itemCondition\" itemtype=\"http://schema.org/OfferItemCondition\" content=\"http://schema.org/{{product.condition}}Condition\">\n                <div itemprop=\"priceSpecification\" itemscope itemtype=\"http://schema.org/PriceSpecification\">\n                    <meta itemprop=\"price\" content=\"{{price.with_tax.value}}\">\n                    <meta itemprop=\"priceCurrency\" content=\"{{currency_selector.active_currency_code}}\">\n                    <meta itemprop=\"valueAddedTaxIncluded\" content=\"true\">\n                </div>\n            {{/if}}\n            {{#if price.without_tax}}\n                <abbr title=\"{{lang 'products.excluding_tax'}}\">{{lang 'products.price_with_tax' tax_label=price.tax_label}}</abbr>\n            {{/if}}\n        </div>\n    {{/if}}\n    {{#if price.without_tax}}\n        <div class=\"price-section rrp-price--withoutTax price-section--withoutTax {{#if price.with_tax}}price-section--minor{{/if}}\"  {{#if schema_org}}itemprop=\"offers\" itemscope itemtype=\"http://schema.org/Offer\"{{/if}}>\n            {{#if price.rrp_without_tax}}\n                {{!-- {{lang 'products.retail_price'}} --}}\n                {{!-- <span data-product-rrp-price-without-tax class=\"price price--rrp\"> {{price.rrp_without_tax.formatted}}</span> --}}\n            {{/if}}\n        </div>\n        <div class=\"price-section non-sale-price---withoutTax price-section--withoutTax {{#if price.with_tax}}price-section--minor{{/if}}\"  {{#if schema_org}}itemprop=\"offers\" itemscope itemtype=\"http://schema.org/Offer\"{{/if}}>\n            {{#if price.non_sale_price_without_tax}}\n                {{lang 'products.price_was'}}\n                <span data-product-non-sale-price-without-tax class=\"price_ price--rrp\"> {{price.non_sale_price_without_tax.formatted}}</span>\n            {{/if}}\n        </div>\n        <div>\n            <span class=\"price-now-label\">\n                {{#if price.non_sale_price_without_tax}}\n                    {{!-- {{lang 'products.price_now'}} --}}\n                {{/if}}\n            </span>\n            <span data-product-price-without-tax class=\"price price--withoutTax1\"> {{price.without_tax.formatted}}</span>\n            {{#if schema_org}}\n                <meta itemprop=\"availability\" itemtype=\"http://schema.org/ItemAvailability\"\n                    content=\"http://schema.org/{{#if product.pre_order}}PreOrder{{else if product.out_of_stock}}OutOfStock{{else if product.can_purchase '===' false}}OutOfStock{{else}}InStock{{/if}}\">\n                <meta itemprop=\"itemCondition\" itemtype=\"http://schema.org/OfferItemCondition\" content=\"http://schema.org/{{product.condition}}Condition\">\n                <div itemprop=\"priceSpecification\" itemscope itemtype=\"http://schema.org/PriceSpecification\">\n                    <meta itemprop=\"price\" content=\"{{price.without_tax.value}}\">\n                    <meta itemprop=\"priceCurrency\" content=\"{{currency_selector.active_currency_code}}\">\n                    <meta itemprop=\"valueAddedTaxIncluded\" content=\"false\">\n                </div>\n            {{/if}}\n            {{#if price.with_tax}}\n                <abbr title=\"{{lang 'products.excluding_tax'}}\">{{lang 'products.price_without_tax' tax_label=price.tax_label}}</abbr>\n            {{/if}}\n        </div>\n    {{/if}}\n    {{!-- {{#if page_type '===' 'product'}}\n        {{#if price.saved}}\n             <div class=\"price-section price-section--saving price\">\n                    <span class=\"price\">{{lang 'products.you_save_opening_text'}}</span>\n                    <span data-product-price-saved class=\"price\">\n                        {{price.saved.formatted}}\n                    </span>\n                    <span class=\"price\">{{lang 'products.you_save_closing_bracket'}}</span>\n             </div>\n        {{/if}}\n    {{/if}} --}}\n{{/and}}\n","components/common/login-for-pricing":"<p translate>Log in for pricing</p>\n","components/products/price-range":"{{#and price_range.min.with_tax price_range.max.with_tax}}\n    <div class=\"price-section price-section--withTax\" {{#if schema_org}}itemprop=\"offers\" itemscope itemtype=\"http://schema.org/Offer\"{{/if}}>\n        <span data-product-price-with-tax class=\"price\">{{price_range.min.with_tax.formatted}} - {{price_range.max.with_tax.formatted}}</span>\n        {{#and price_range.min.without_tax price_range.max.without_tax}}\n            <abbr title=\"{{lang 'products.excluding_tax'}}\">{{lang 'products.price_with_tax' tax_label=price_range.min.tax_label}}</abbr>\n        {{else if schema_org}}\n                <meta itemprop=\"availability\" content=\"{{product.availability}}\">\n                <meta itemprop=\"itemCondition\" itemtype=\"http://schema.org/OfferItemCondition\" content=\"http://schema.org/{{product.condition}}Condition\">\n                <div itemprop=\"priceSpecification\" itemscope itemtype=\"http://schema.org/PriceSpecification\">\n                    <meta itemprop=\"minPrice\" content=\"{{price_range.min.with_tax.value}}\"  />\n                    <meta itemprop=\"price\" content=\"{{price_range.min.with_tax.value}}\">\n                    <meta itemprop=\"maxPrice\" content=\"{{price_range.max.with_tax.value}}\"  />\n                    <meta itemprop=\"priceCurrency\" content=\"{{currency_selector.active_currency_code}}\">\n                    <meta itemprop=\"valueAddedTaxIncluded\" content=\"true\">\n                </div>\n        {{/and}}\n    </div>\n{{/and}}\n{{#and price_range.min.without_tax price_range.max.without_tax}}\n    <div class=\"price-section price-section--withoutTax {{#and price_range.min.with_tax price_range.max.with_tax}}price-section--minor{{/and}}\"  {{#if schema_org}}itemprop=\"offers\" itemscope itemtype=\"http://schema.org/Offer\"{{/if}}>\n        <span data-product-price-without-tax class=\"price price--withoutTax\">{{price_range.min.without_tax.formatted}} - {{price_range.max.without_tax.formatted}}</span>\n        {{#and price_range.min.with_tax price_range.max.with_tax}}\n            <abbr title=\"{{lang 'products.excluding_tax'}}\">{{lang 'products.price_without_tax' tax_label=price_range.min.tax_label}}</abbr>\n        {{/and}}\n        {{#if schema_org}}\n            <meta itemprop=\"availability\" content=\"{{product.availability}}\">\n            <meta itemprop=\"itemCondition\" itemtype=\"http://schema.org/OfferItemCondition\" content=\"http://schema.org/{{product.condition}}Condition\">\n            <div itemprop=\"priceSpecification\" itemscope itemtype=\"http://schema.org/PriceSpecification\">\n                <meta itemprop=\"minPrice\" content=\"{{price_range.min.without_tax.value}}\"  />\n                <meta itemprop=\"price\" content=\"{{price_range.min.without_tax.value}}\">\n                <meta itemprop=\"maxPrice\" content=\"{{price_range.max.without_tax.value}}\"  />\n                <meta itemprop=\"priceCurrency\" content=\"{{currency_selector.active_currency_code}}\">\n                <meta itemprop=\"valueAddedTaxIncluded\" content=\"false\">\n            </div>\n        {{/if}}\n    </div>\n{{/and}}\n"}
