{"components/cloudnav/products/product-view":"<div class=\"productPage pr\" data-productPage> \n    {{#if customer.id}}\n        <a class=\"Edit mono\" target=\"_blank\" href=\"https://store-xba1p2i5uz.mybigcommerce.com/manage/products/{{product.id}}/edit\">EDIT</a>\n    {{/if}}\n    <div class=\"columns pr m0\">\n        <div class=\"column col-left\">\n            {{> components/cloudnav/products/left schema=true}}\n        </div>\n        <div class=\"column pr col-right is-6\">\n            {{> components/cloudnav/products/right schema=true}}\n            {{> components/cloudnav/products/cta schema=true}}\n        </div>\n    </div>\n    {{> components/cloudnav/products/below schema=true}}\n</div>\n\n\n\n<style>\n    .Edit {\n        position: absolute;\n        top: 0;\n        right: 0;\n        padding: 1.5em;\n        color: #fff;\n        z-index: 1;\n    }\n</style>","components/cloudnav/products/left":"<div class=\"product-left\">\n\n    <section class=\"productView-images\" data-image-gallery  dz=\"{{product.id}}\">\n        {{#if product.warranty}}\n        <a class=\"tac features f\">\n            <i class=\"fa fa-plus-circle\"></i>\n            features\n        </a>\n        {{/if}}\n        <figure class=\"productView-image\"\n                data-image-gallery-main\n                data-zoom-image=\"{{getImage product.main_image 'zoom_size' (cdn theme_settings.default_image_product)}}\"\n                >\n            <div class=\"productView-img-container\">\n                <a href=\"{{getImage product.main_image 'zoom_size' (cdn theme_settings.default_image_product)}}\">\n                    <img class=\"main1 productView-image--default lazyload\" \n                         data-sizes=\"auto\" \n                         src=\"{{cdn 'img/loading.svg'}}\" \n                         data-src=\"{{getImage product.main_image 'product_size' (cdn theme_settings.default_image_product)}}\"\n                         alt=\"{{product.main_image.alt}}\" title=\"{{product.main_image.alt}}\" data-main-image>\n                </a>\n            </div>\n        </figure>\n        <div class=\"overlay-feat\"><img src=\"{{product.warranty}}\"></div>\n        <ul class=\"productView-thumbnails\"{{#gt product.images.length 10}} data-slick='{\n                \"infinite\": false,\n                \"mobileFirst\": true,\n                \"slidesToShow\": 5,\n                \"slidesToScroll\": 1\n            }'{{/gt}}>\n            <span class=\"only-images\">\n                {{#each product.images}}\n                    <li class=\"productView-thumbnail\">\n                        <a\n                            class=\"productView-thumbnail-link\"\n                            href=\"{{getImage this 'product_size' (cdn ../theme_settings.default_image_product)}}\"\n                            data-image-gallery-item\n                            data-image-gallery-new-image-url=\"{{getImage this 'product_size' (cdn ../theme_settings.default_image_product)}}\"\n                            data-image-gallery-zoom-image-url=\"{{getImage this 'zoom_size' (cdn ../theme_settings.default_image_product)}}\">\n                            <img class=\"lazyload\" data-sizes=\"auto\" src=\"{{cdn 'img/loading.svg'}}\" data-src=\"{{getImage this 'productview_thumb_size' (cdn ../theme_settings.default_image_product)}}\" alt=\"{{this.alt}}\" title=\"{{this.alt}}\">\n                        </a>\n                    </li>\n                {{/each}}\n                <span class=\"databased\"></span>\n            </span>\n            <li class=\"productView-thumbnail admin-add hide\"><a dz-alter=\"{{product.id}}\" class=\"productView-thumbnail-link\"><i class=\"fa fa-plus\"></i></a></li>\n        </ul>\n    </section>\n\n\n</div>\n\n\n\n\n","components/cloudnav/products/right":"<div class=\"product-right\">\n\t\n\t<!-- alerts -->\n\t<div class=\"product-alerts\">\n\t\t{{#each product.reviews.messages}}\n\t        {{#if error}}\n\t            {{> components/common/alert-error error}}\n\t        {{/if}}\n\t        {{#if success}}\n\t            {{> components/common/alert-success success}}\n\t        {{/if}}\n\t    {{/each}}\n    </div>\n\n\t<div class=\"right-head\">\n\t\t\n\t\t<!-- title -->\n\t\t{{!-- {{inject \"myProductName\" product.title}} --}}\n\n\t\t<p><small>{{product.sku}}</small></p>\n<h1 style=\"margin-left: -14px !important;\">{{product.title}}</h1>\n\t\t\n\t\t<!-- brand -->\n\t\t<h2>\n            <a href=\"{{product.brand.url}}\"><span>{{product.brand.name}}</span></a>\n        </h2>\n\n        {{!-- ratings --}}\n        {{#if settings.show_product_rating}}\n        <a href=\"{{product.url}}{{#if is_ajax}}#write_review{{/if}}\" {{#unless is_ajax }}data-reveal-id=\"modal-review-form\"{{/unless}}>\n\t        <div class=\"newRate\">\n\t\t\t\t{{> components/products/ratings rating=product.rating}}\n\t\t\t</div>\n\t\t\t{{> components/products/modals/writeReview}}\n\t\t</a>\n\t\t {{/if}}\n\n        <!-- price -->\n\t\t<h3 class=\"mobile-only yellow\">\n           {{> components/cloudnav/products/price}}\n        </h3>\n\n        <!-- tabs -->\n        {{> components/cloudnav/products/tabs}}\n\n        {{!-- add-form (options) --}}\n        <section class=\"productView2-details\">\n\t\t    <div class=\"productView2-options\">\n\t\t        {{#if product.release_date }}\n\t\t            <p>{{product.release_date}}</p>\n\t\t        {{/if}}\n\t\t        <form class=\"form\" method=\"post\" action=\"{{product.cart_url}}\" enctype=\"multipart/form-data\" data-cart-item-add>\n\t\t            <input type=\"hidden\" name=\"action\" value=\"add\">\n\t\t            <input type=\"hidden\" name=\"product_id\" value=\"{{product.id}}\"/>\n\t\t                {{#each product.customizations}}\n\t\t                    {{{dynamicComponent 'components/products/customizations'}}}\n\t\t                {{/each}}\n\t\t            <div data-product-option-change style=\"display:none;\">\n\t\t                {{#each product.options}}\n\t\t                \t<h3>{{this.display_name}}</h3>\n\t\t                    {{{dynamicComponent 'components/products/options'}}}\n\t\t                {{/each}}\n\t\t            </div>\n\t\t            {{#if product.event_date}}\n\t\t                {{> components/products/event-date}}\n\t\t            {{/if}}\n\t\t            <div class=\"form-field form-field--stock{{#unless product.stock_level}} u-hiddenVisually{{/unless}}\">\n\t\t                <label class=\"form-label form-label--alternate\">\n\t\t                    {{lang 'products.current_stock'}}\n\t\t                    <span data-product-stock>{{product.stock_level}}</span>\n\t\t                </label>\n\t\t            </div>\n\t\t            <div class=\"o0\">\n\t\t\t            {{#if product.can_purchase}}\n\t\t\t                {{> components/products/add-to-cart}}\n\t\t\t            {{/if}}\n\t\t            </div>\n\t\t            {{#if product.out_of_stock}}\n\t\t                {{#if product.out_of_stock_message}}\n\t\t                    {{> components/common/alert-error product.out_of_stock_message}}\n\t\t                {{else}}\n\t\t                    {{> components/common/alert-error (lang 'products.sold_out')}}\n\t\t                {{/if}}\n\t\t            {{/if}}\n\t\t        </form>\n\t\t    </div>\n\t\t</section>\n\n\t\t{{!-- <section class=\"product-page-progress\">\n\t\t\t<h3>Savings Meter</h3>\n\t\t\t{{> components/cloudnav/cart-meter}}\n\t\t</section> --}}\n\n\t\t{{!-- award progress --}}\n\t\t{{!-- <section class=\"product-page-progress\">\n\t\t\t<h3>Dont Miss Out</h3>\n\t\t\t{{> components/cloudnav/cart-meter}}\n\t\t</section> --}}\n\n\t</div>\n</div>\n\n<script>\nsetTimeout( function() {\n\tvar p_price = parseInt(\n\t\t$('.product-right .price--withoutTax')\n\t\t\t.text()\n\t\t\t.replace('$','')\n\t);\n\tvar cta_para = $('.product-right .tac p');\n\tvar text = cta_para.text();\n\tvar split = text.split('from');\n\tvar current_distance = parseFloat(text.substr(text.indexOf('$'), text.indexOf(' ')).replace('$', ''));\n\tvar new_distance = current_distance-p_price;\n\tvar t0 = `You would be $${new_distance} from`\n\tsplit[0] = t0;\n\t// cta_para.text(split.join(''));\n\n\t// would bar\n  \tvar would = p_price/200;\n  \twould = (would>1) ? .97*100 : would*100;\n  \t$('.would').css('width', would+'%');\n\n},3000);\n</script>","components/cloudnav/products/cta":"<div class=\"cta-bar\">\n\t{{!-- <section class=\"product-page-progress\"> --}}\n\t\t{{!-- <h3>Dont Miss Out</h3> --}}\n\t\t{{!-- {{> components/cloudnav/cart-meter}} --}}\n\t{{!-- </section> --}}\n\t<div class=\"level is-mobile\">\n\t\t<div class=\"level-left\">\n\t\t\t<div class=\"hide-on-mobile\">\n\t\t\t\t{{> components/cloudnav/products/price}}\n\t\t\t\t{{> components/products/bulk-discount-rates}}\n\t\t\t</div>\n\t\t</div>\n\t\t<div class=\"level-right\">\n\n\n\t\t\t<div class=\"min-cta\">\n\t\t\t\t{{#if product.can_purchase}}\n\t                {{> components/products/add-to-cart}}\n\t            {{else}}\n\t            \t<p class=\"f p1em\">Temporarily Unavailable</p>\n\t            {{/if}}\n\t            {{#if product.out_of_stock}}\n\t            <h1>out</h1>\n\t                {{#if product.out_of_stock_message}}\n\t                    {{> components/common/alert-error product.out_of_stock_message}}\n\t                {{else}}\n\t                    {{> components/common/alert-error (lang 'products.sold_out')}}\n\t                {{/if}}\n\t            {{/if}}\n\t            {{#if product.event_date}}\n\t                {{> components/products/event-date}}\n\t            {{/if}}\n\t            <div class=\"form-field form-field--stock{{#unless product.stock_level}} u-hiddenVisually{{/unless}}\">\n\t                <label class=\"form-label form-label--alternate\">\n\t                    {{lang 'products.current_stock'}}\n\t                    <span data-product-stock>{{product.stock_level}}</span>\n\t                </label>\n\t            </div>\n\t\t\t</div>\n\n\n\n\t\t</div>\n\t</div>\n</div>\n\n\n\n{{!-- after add to cart modal --}}\n<div id=\"previewModal\" class=\"modal modal--large\" data-reveal>\n    <a href=\"#\" class=\"modal-close\" aria-label=\"{{lang 'common.close'}}\" role=\"button\">\n        <span aria-hidden=\"true\">&#215;</span>\n    </a>\n    <div class=\"modal-content\"></div>\n    <div class=\"loadingOverlay\"></div>\n</div>\n\n<div id=\"confirmationPop\" class=\"hide\"></div>\n\n\n\n\n\n\n\n\n\n\n\n\n\n\n\n\n\n\n\n\n\n","components/cloudnav/products/below":"<div class=\"product-below\">\n\t<div class=\"container\">\n\t\t{{> components/products/tabs}}\n\t</div>\n</div>","components/cloudnav/cart-meter":"<div class=\"row counter\">\n  <div class=\"tac\">\n    <h3>Almost!</h3>\n    <p></p>\n  </div>\n  <div>\n    <div class=\"counter-in-minicart\">\n      <div class=\"meter js-meter\">\n        <div class=\"meter-bar js-meter-bar\"></div>\n        <div class=\"would\" data-tooltip=\"if this were added\" data-placement=\"bottom\"></div>\n        <div class=\"meter-info\"></div>\n        <div class=\"waypoints\"></div> <!-- ticks added in script -->\n      </div>\n      <div class=\"layers\">\n        <div class=\"layer freeShipping-m\" data-tooltip=\"Free Shipping ($25)\" data-placement=\"bottom\">\n          <span class=\"promo\">Free <i class=\"fa fa-truck\"></i></span>\n        </div>\n      </div> <!-- others added in script -->\n    </div>\n  </div>\n</div>\n\n<!-- <div class=\"layer\" data-tooltip=\"$${gate}\" data-placement=\"bottom\"> <span class=\"promo\">${short}</span> </div> -->\n\n<script>\n  $('.js-meter-bar').unbind();\n  var grand_total =\"{{cart.grand_total.formatted}}\".replace('$','');\n  grand_total = grand_total.replace(',', '');\n  var total = parseFloat(grand_total);\n  var cap = 60;\n  var milestones = []\n\n  total = (total>cap) ? cap : total;\n\n  // progress\n  var progress = grand_total/cap;\n  progress = (progress>1) ? .97*100 : progress*100;\n  \n  // freeShipping\n  newTick('freeShipping', 25, 'Shipping', 'Free Shipping');\n  // newTick('tenOff', 100, '10%', '10% Off');\n  // newTick('twentyOff', 200, '20%', '20% Off', 'left');\n\n\n  // set progress\n  $('.js-meter-bar').css('width', progress+'%');\n\n  // Change Messge if goal reached\n  if(progress>96) {\n    $('.tac h3').text('You Qualify for Free Shipping.')\n  }\n\n  function newTick(name, gate, short, long, placement) {\n    placement = (placement) ? placement : 'bottom';\n    var awarded = (gate<=total);\n    var x = parseFloat((gate/cap)*100)+'%';\n    var t = `<div class=\"layer\" style=\"margin-left:${x}\" data-tooltip=\"${long} ($${gate}+)\" data-placement=\"${placement}\"> <span class=\"promo\">${short}</span> </div>`\n    var manual = $(`.${name}-m`);\n   \n    // place waypoint\n    $('.waypoints').append(`<div class=\"waypoint\" style=\"margin-left:${x}\"></div>`);\n    \n    // append layer or just set margin\n    if (manual.length) {\n      $(`.${name}-m`).css('margin-left',x);\n    }else {\n      $('.layers').append(t);\n    }\n\n    // milestones\n    if(!awarded) {\n      milestones.push({\n        fault: gate-total,\n        msg: `You are $${parseFloat(gate-total).toFixed(2)} away from getting ${long}!`\n      });\n    }\n  }\n\n  function SortByFault(a, b){\n    var aa = a.fault;\n    var bb = b.fault; \n    return ((aa < bb) ? -1 : ((aa > bb) ? 1 : 0));\n  }\n  // milestones.sort(SortByName);\n  // milestones.sort(SortByFault)\n  // $('.tac p').html(milestones[0].msg);\n\n</script>\n\n\n\n\n\n\n\n\n\n\n\n\n\n","components/cloudnav/products/price":"{{#if product.call_for_price}}\n    <p class=\"price-container\">\n        <span>{{product.call_for_price}}</span>\n    </p>\n{{/if}}\n<div class=\"price-container\">\n    {{#or customer (if theme_settings.restrict_to_login '!==' true)}}\n        {{> components/products/price price=product.price schema_org=schema}}\n    {{else}}\n        {{> components/common/login-for-pricing}}\n    {{/or}}\n</div>","components/products/bulk-discount-rates":"\n{{#if product.bulk_discount_rates.length}}\n    {{!-- {{#if product}}<dt class=\"productView-info-name\">{{lang 'products.bulk_pricing.title'}}</dt>{{/if}} --}}\n    <dd class=\"productView-info-value\">\n        <a href=\"{{url}}\"\n           {{#unless is_ajax }}data-reveal-id=\"bulkPricingModal{{#if id}}-{{id}}-{{$index}}{{/if}}\">{{/unless}}\n            {{lang 'products.bulk_pricing.view'}}\n        </a>\n    </dd>\n    <div id=\"bulkPricingModal{{#if id}}-{{id}}-{{$index}}{{/if}}\" class=\"modal modal--small\" data-reveal>\n        <div class=\"modal-header\">\n            <h2 class=\"modal-header-title\">{{lang 'products.bulk_pricing.modal_title'}}</h2>\n            <a href=\"#\" class=\"modal-close\" aria-label=\"Close\"><span aria-hidden=\"true\">&#215;</span></a>\n        </div>\n        <div class=\"modal-body\">\n            <p>{{lang 'products.bulk_pricing.instructions'}}</p>\n            <br>\n            <ul>\n                {{#each product.bulk_discount_rates}}\n                <li>\n                    {{lang 'products.bulk_pricing.range' min=min max=max}}\n                    {{#if type '===' 'percent'}}\n                    {{lang 'products.bulk_pricing.percent' discount=discount.formatted}}\n                    {{/if}}\n                    {{#if type '===' 'fixed'}}\n                    {{lang 'products.bulk_pricing.fixed' discount=discount.formatted}}\n                    {{/if}}\n                    {{#if type '===' 'price'}}\n                    {{lang 'products.bulk_pricing.price' discount=discount.formatted}}\n                    {{/if}}\n                </li>\n                {{/each}}\n            </ul>\n            <p class=\"disclaim\">\n                <em>**Product must be same style and flavor to qualify for bulk pricing.</em>\n            </p>\n        </div>\n    </div>\n{{/if}}\n","components/products/add-to-cart":"<div class=\"level is-mobile qty-and-add m0\">\n\n  <div class=\"level-item qty-controls\">\n    <div class=\"form-field form-field--increments\">\n        <label class=\"form-label form-label--alternate\"\n               for=\"qty[]\">{{lang 'products.quantity'}}</label>\n\n        <div class=\"form-increment\" data-quantity-change>\n            <button class=\"button button--icon\" data-action=\"dec\">\n                <span class=\"is-srOnly\">{{lang 'products.quantity_decrease'}}</span>\n                <i class=\"icon\" aria-hidden=\"true\">\n                    <svg>\n                        <use xlink:href=\"#icon-keyboard-arrow-down\"/>\n                    </svg>\n                </i>\n            </button>\n            <input class=\"form-input form-input--incrementTotal\"\n                   id=\"qty[]\"\n                   name=\"qty[]\"\n                   type=\"tel\"\n                   value=\"{{#if product.min_purchase_quantity}}{{product.min_purchase_quantity}}{{else}}1{{/if}}\"\n                   data-quantity-min=\"{{product.min_purchase_quantity}}\"\n                   data-quantity-max=\"{{product.max_purchase_quantity}}\"\n                   min=\"1\"\n                   pattern=\"[0-9]*\"\n                   aria-live=\"polite\">\n            <button class=\"button button--icon\" data-action=\"inc\">\n                <span class=\"is-srOnly\">{{lang 'products.quantity_increase'}}</span>\n                <i class=\"icon\" aria-hidden=\"true\">\n                    <svg>\n                        <use xlink:href=\"#icon-keyboard-arrow-up\"/>\n                    </svg>\n                </i>\n            </button>\n        </div>\n    </div>\n  </div>\n\n  <div class=\"level-item add-button\">\n    <div class=\"alertBox productAttributes-message\" style=\"display:none\">\n        <div class=\"alertBox-column alertBox-icon\">\n            <icon glyph=\"ic-success\" class=\"icon\" aria-hidden=\"true\"><svg xmlns=\"http://www.w3.org/2000/svg\" width=\"24\" height=\"24\" viewBox=\"0 0 24 24\"><path d=\"M12 2C6.48 2 2 6.48 2 12s4.48 10 10 10 10-4.48 10-10S17.52 2 12 2zm1 15h-2v-2h2v2zm0-4h-2V7h2v6z\"></path></svg></icon>\n        </div>\n        <p class=\"alertBox-column alertBox-message\"></p>\n    </div>\n    {{#or customer (if theme_settings.restrict_to_login '!==' true)}}\n        <div class=\"form-action\">\n            <!-- submit -->\n            <a class=\"btn green-bg\" data-addButton>{{#if product.pre_order}}{{lang 'products.pre_order'}}{{else}}{{lang 'products.add_to_cart'}}{{/if}}</a>\n        </div>\n         {{{snippet 'product_addtocart'}}}\n    {{/or}}\n  </div>\n\n</div>","components/common/alert-error":"<div class=\"alertBox alertBox--error\">\n    <div class=\"alertBox-column alertBox-icon\">\n        <icon glyph=\"ic-error\" class=\"icon\" aria-hidden=\"true\"><svg xmlns=\"http://www.w3.org/2000/svg\" width=\"24\" height=\"24\" viewBox=\"0 0 24 24\"><path d=\"M12 2C6.48 2 2 6.48 2 12s4.48 10 10 10 10-4.48 10-10S17.52 2 12 2zm1 15h-2v-2h2v2zm0-4h-2V7h2v6z\"></path></svg></icon>\n    </div>\n    <p class=\"alertBox-column alertBox-message\">\n        <span>{{{this}}}</span>\n    </p>\n</div>\n","components/products/event-date":"<div class=\"form-field\">\n    <label class=\"form-label form-label--alternate form-label--inlineSmall\">\n    {{product.event_date.name}}:\n    <small>{{lang 'common.required'}}</small>\n    </label>\n    <select class=\"form-select form-select--date\" name=\"EventDate[Mth]\" required>\n        <option value=\"\">{{lang 'common.month'}}</option>\n        {{#enumerate 1 12}}\n            <option value=\"{{this}}\">{{getShortMonth this}}</option>\n        {{/enumerate}}\n    </select>\n    <select class=\"form-select form-select--date\" name=\"EventDate[Day]\" required>\n        <option value=\"\">{{lang 'common.day'}}</option>\n        {{#enumerate 1 31}}\n            <option value=\"{{this}}\">{{this}}</option>\n        {{/enumerate}}\n    </select>\n    <select class=\"form-select form-select--date\" name=\"EventDate[Yr]\" required>\n        <option value=\"\">{{lang 'common.year'}}</option>\n        {{#enumerate product.event_date.earliest_year product.event_date.latest_year}}\n            <option value=\"{{this}}\" >{{this}}</option>\n        {{/enumerate}}\n    </select>\n</div>\n","components/products/tabs":"<ul class=\"tabs\" data-tab role=\"tablist\">\n    {{#if product.related_products}}\n        <li class=\"tab is-active\" role=\"presentational\">\n            <a class=\"tab-title\" href=\"#tab-related\" role=\"tab\" tabindex=\"0\" aria-selected=\"true\" controls=\"tab-related\">{{lang 'products.related_products'}}</a>\n        </li>\n    {{/if}}\n    {{#if product.similar_by_views}}\n        <li class=\"tab{{#unless product.related_products}} is-active{{/unless}}\" role=\"presentational\">\n            <a class=\"tab-title\" href=\"#tab-similar\" role=\"tab\" tabindex=\"0\" aria-selected=\"false\" controls=\"tab-similar\">{{lang 'products.similar_by_views'}}</a>\n        </li>\n    {{/if}}\n</ul>\n\n<div class=\"tabs-contents\">\n{{#if product.related_products}}\n    <div role=\"tabpanel\" aria-hidden=\"false\" class=\"tab-content has-jsContent is-active\" id=\"tab-related\">\n        {{> components/products/carousel products=product.related_products columns=6}}\n    </div>\n{{/if}}\n\n{{#if product.similar_by_views}}\n    <div role=\"tabpanel\" aria-hidden=\"true\" class=\"tab-content has-jsContent{{#unless product.related_products}} is-active{{/unless}}\" id=\"tab-similar\">\n        {{> components/products/carousel products=product.similar_by_views columns=6}}\n    </div>\n{{/if}}\n</div>\n","components/common/alert-success":"<div class=\"alertBox alertBox--success\">\n    <div class=\"alertBox-column alertBox-icon\">\n        <icon glyph=\"ic-success\" class=\"icon\" aria-hidden=\"true\"><svg xmlns=\"http://www.w3.org/2000/svg\" width=\"24\" height=\"24\" viewBox=\"0 0 24 24\"><path d=\"M12 2C6.48 2 2 6.48 2 12s4.48 10 10 10 10-4.48 10-10S17.52 2 12 2zm1 15h-2v-2h2v2zm0-4h-2V7h2v6z\"></path></svg></icon>\n    </div>\n    <p class=\"alertBox-column alertBox-message\">\n        <span>{{{this}}}</span>\n    </p>\n</div>\n","components/products/modals/writeReview":"<div id=\"modal-review-form\" class=\"modal\" data-reveal>\n    {{inject 'reviewRating' (lang 'forms.validate.reviews.rating')}}\n    {{inject 'reviewSubject' (lang 'forms.validate.reviews.title')}}\n    {{inject 'reviewComment' (lang 'forms.validate.reviews.comment')}}\n    {{inject 'reviewEmail' (lang 'forms.validate.common.email_address')}}\n    <div class=\"modal-header\">\n        <h2 class=\"modal-header-title\">{{lang 'products.reviews.write_a_review'}}</h2>\n        <a href=\"#\" class=\"modal-close\" aria-label=\"{{lang 'common.close'}}\" role=\"button\">\n            <span aria-hidden=\"true\">&#215;</span>\n        </a>\n    </div>\n    <div class=\"modal-body\">\n        <div class=\"writeReview-productDetails\">\n            <div class=\"writeReview-productImage-container\">\n                <img class=\"lazyload\" data-sizes=\"auto\" src=\"{{cdn 'img/loading.svg'}}\" data-src=\"{{getImage product.main_image 'product_size' (cdn theme_settings.default_image_product)}}\">\n            </div>\n            <h6 class=\"product-brand\">{{ product.brand.name }}</h6>\n            <h5 class=\"product-title\">{{ product.title }}</h5>\n        </div>\n        <form class=\"form writeReview-form\" action=\"{{ urls.product.post_review }}\" method=\"post\">\n            <fieldset class=\"form-fieldset\">\n                <div class=\"form-field\">\n                    <label class=\"form-label\" for=\"rating-rate\">{{lang 'products.reviews.rating_label'}}\n                        <small>{{lang 'common.required' }}</small>\n                    </label>\n                    <!-- Stars -->\n                    <!-- TODO: Review Stars need to be componentised, both for display and input -->\n                    <select id=\"rating-rate\" class=\"form-select\" name=\"revrating\">\n                        <option value=\"\">{{lang 'products.reviews.select_rating'}}</option>\n                        {{#for 1 5}}\n                            {{#if ../product.reviews.selected_rating '===' $index}}\n                                <option selected value=\"{{$index}}\">{{lang (concat 'products.reviews.rating.' $index) }}</option>\n                            {{else}}\n                                <option value=\"{{$index}}\">{{lang (concat 'products.reviews.rating.' $index) }}</option>\n                            {{/if}}\n                        {{/for}}\n                    </select>\n                </div>\n\n                <!-- Name -->\n                {{#if product.reviews.author}}\n                    {{> components/common/forms/text name=\"revfromname\" label=(lang 'products.reviews.form_write.name') value=product.reviews.author}}\n                {{else}}\n                    {{> components/common/forms/text name=\"revfromname\" label=(lang 'products.reviews.form_write.name') value=customer.name}}\n                {{/if}}\n\n                {{#if product.reviews.show_review_email}}\n                    <!-- Email -->\n                    {{#if product.reviews.email}}\n                        {{> components/common/forms/text name=\"email\" required=\"false\" label=(lang 'products.reviews.form_write.email') value=product.reviews.email}}\n                    {{else}}\n                        {{> components/common/forms/text name=\"email\" required=\"false\" label=(lang 'products.reviews.form_write.email') value=customer.email}}\n                    {{/if}}\n                {{/if}}\n\n                <!-- Review Subject -->\n                {{> components/common/forms/text name=\"revtitle\" required=\"true\" label=(lang 'products.reviews.form_write.subject') value=product.reviews.title}}\n\n                <!-- Comments -->\n                {{> components/common/forms/multiline name=\"revtext\" required=\"true\" label=(lang 'products.reviews.form_write.comments') value=product.reviews.text}}\n\n                {{{product.reviews.recaptcha.markup}}}\n\n                <div class=\"form-field\">\n                    <input type=\"submit\" class=\"button button--primary\"\n                           value=\"{{lang 'products.reviews.form_write.submit_value' }}\">\n                </div>\n                <input type=\"hidden\" name=\"product_id\" value=\"{{ product.id }}\">\n                <input type=\"hidden\" name=\"action\" value=\"post_review\">\n                {{#if product.reviews.throttleToken}}<input type=\"hidden\" name=\"throttleToken\" value=\"{{product.reviews.throttleToken}}\">{{/if}}\n            </fieldset>\n        </form>\n    </div>\n</div>\n","components/products/ratings":"{{#for 1 5}}\n    {{#if ../this.rating '>=' $index}}\n        <span class=\"icon icon--ratingFull\">\n            <svg>\n                <use xlink:href=\"#icon-star\" />\n            </svg>\n        </span>\n    {{else}}\n        <span class=\"icon icon--ratingEmpty\">\n            <svg>\n                <use xlink:href=\"#icon-star\" />\n            </svg>\n        </span>\n    {{/if}}\n{{/for}}\n{{{snippet 'product_rating'}}}\n","components/cloudnav/products/tabs":"<div class=\"product-tabs\">\n\t\n\t<div class=\"tab1s\">\n\t  <ul>\n\t    \n\t    {{!-- item --}}\n\t    <li class=\"is-active\" data-tab=\"info\">\n\t      <a>\n\t        <span>Product Info</span>\n\t      </a>\n\t    </li>\n\t\t\t\n\t\t\t{{!-- item --}}\n\t    {{!-- <li class=\"is-active\" data-tab=\"bulk\">\n\t      <a>\n\t        <span>Bulk Pricing</span>\n\t      </a>\n\t    </li> --}}\n\t    \n\t    {{!-- item --}}\n\t    <li data-tab=\"reviews\">\n\t      <a>\n\t        <span>Reviews </span>\n    \t\t{{#if product.num_reviews '>' 0}}\n\t\t\t\t<span>&nbsp;({{product.num_reviews}})</span>\n\t\t\t{{/if}}\n\t      </a>\n\t    </li>\n\t    \n\t    {{!-- item --}}\n\t    <li data-tab=\"share\">\n\t      <a>\n\t        <span>Share</span>\n\t      </a>\n\t    </li>\n\t    \n\t    {{!-- item --}}\n\t    {{#if settings.show_wishlist}}\n\t\t    <li data-tab=\"wishlist\" class=\"is-active1\">\n\t\t      <a>\n\t\t        <span>Wishlist</span>\n\t\t      </a>\n\t\t    </li>\n\t    {{/if}}\n\n\t  </ul>\n\t  <div class=\"underline\"></div>\n\t</div>\n\n\t<div class=\"tab-content-container\">\n\t\t<div class=\"content\" id=\"info\">\n\t\t\t{{> components/products/description}}\n\t\t</div>\n\n\t\t<div class=\"content\" id=\"bulk\">\n\t\t\t{{> components/products/bulk-discount-rates}}\n\t\t</div>\n\t\t\n\t\t\n\t\t<div class=\"content\" id=\"science\">\n\t\t\tscience\n\t\t</div>\n\n\t\t<div class=\"content\" id=\"reviews\">\n\t\t\t{{> components/cloudnav/products/reviews}}\n\t\t</div>\n\n\t\t<div class=\"content\" id=\"share\">\n\t\t\t{{> components/common/share}}\n\t\t</div>\n\t\t\n\t\t{{#if settings.show_wishlist}}\n\t\t\t<div class=\"content\" id=\"wishlist\">\n\t\t\t\t{{#if settings.show_wishlist}}\n\t                {{> components/common/wishlist-dropdown}}\n\t            {{/if}}\n\t\t\t</div>\n\t\t{{/if}}\n\n\t</div>\n\n</div>\n\n\n\n<script>\n\tvar trigger = $('[data-tab]');\n\tvar first_tab = $('[data-tab]:first-child')[0];\n\tvar active_class = 'is-active';\n\tvar default_content = $('[data-tab].'+active_class).data('tab');\n\n\t// init\n\t// first_tab.css('border', '3px solid red');\n\tsetTimeout(e=>first_tab.click(),2000);\n\t$('.content#'+default_content).addClass(active_class);\n\t\n\t// onClick\n\ttrigger.click( function() {\n\t\tvar self = $(this);\n\t\tvar content = $(`.content#${self.data('tab')}`);\n\n\t\t// tab active\n\t\ttrigger.removeClass(active_class);\n\t\tself.addClass(active_class);\n\n\t\t//move underline \n\t\tplace_underline($(this));\n\n\t\t// show content\n\t\t$('.content.'+active_class).removeClass(active_class);\n\t\tcontent.addClass(active_class);\n\t});\n\n\tfunction place_underline(target) {\n\t\tconsole.log(\"place_underline\")\n\t\tvar $underline = $('.underline');\n\t\tvar activeL = target.position().left;\n\t\tvar pos = activeL+'px';    \t\n\t\t$underline.css({\n\t\t\t'margin-left': pos,\n\t\t\t'width': target.width()+'px'\n\t\t});\n\t}\n\n</script>\n\n\n\n\n\n\n\n","components/products/customizations/checkbox":"<div class=\"form-field\">\n    <input class=\"form-checkbox\" type=\"checkbox\" id=\"customization_{{this.id}}_{{../id}}\" {{#if required}}required {{/if}}name=\"ProductFields[{{this.id}}]\" {{#if value}}checked{{/if}}>\n    <label class=\"form-label form-label--alternate form-label--inlineSmall\" for=\"customization_{{this.id}}_{{../id}}\">\n        {{ this.display_name }}\n        {{#if required}}\n            <small>{{lang 'common.required'}}</small>\n        {{/if}}\n    </label>\n</div>\n","components/products/customizations/file":"<div class=\"form-field\">\n    <label class=\"form-label form-label--alternate form-label--inlineSmall\" for=\"customization_{{this.id}}_{{../id}}\">\n        {{ this.display_name }}:\n        {{#if required}}\n            <small>{{lang 'common.required'}}</small>\n        {{/if}}\n    </label>\n    <input class=\"form-file\" type=\"file\" id=\"customization_{{this.id}}_{{../id}}\" {{#if required}}required {{/if}}name=\"ProductFields[{{this.id}}]\">\n    {{#if original_name}}\n        {{{lang 'products.file_option_set' url=file_url name=original_name}}}\n    {{/if}}\n    <p class=\"form-fileDescription\">{{#if file_size}}{{lang 'products.max_filesize'}} <strong>{{file_size}}</strong>, {{/if}}{{#if file_types}}{{lang 'products.filetypes'}} <strong>{{file_types}}</strong>{{/if}}</p>\n</div>\n","components/products/customizations/select":"<div class=\"form-field\">\n    <label class=\"form-label form-label--alternate form-label--inlineSmall\" for=\"customization_{{id}}_{{../id}}\">\n        {{ display_name }}:\n        {{#if required}}\n            <small>{{lang 'common.required'}}</small>\n        {{/if}}\n    </label>\n    <select class=\"form-select form-select--small\" name=\"ProductFields[{{id}}]\" id=\"customization_{{id}}_{{../id}}\"{{#if required}} required{{/if}}>\n        <option value=\"\">{{lang 'products.choose_an_option'}}</option>\n        {{#each values}}\n            <option value=\"{{this}}\" {{#if ../value '===' this}}selected{{/if}}>{{this}}</option>\n        {{/each}}\n    </select>\n</div>\n","components/products/customizations/textarea":"<div class=\"form-field\">\n    <label class=\"form-label form-label--alternate form-label--inlineSmall\" for=\"customization_{{id}}_{{../id}}\">\n        {{display_name}}:\n        {{#if required}}\n            <small>{{lang 'common.required'}}</small>\n        {{/if}}\n    </label>\n    <textarea class=\"form-input\" id=\"customization_{{id}}_{{../id}}\" {{#if required}}required {{/if}}name=\"ProductFields[{{id}}]\">{{value}}</textarea>\n</div>\n","components/products/customizations/text":"<div class=\"form-field\">\n    <label class=\"form-label form-label--alternate form-label--inlineSmall\" for=\"customization_{{id}}_{{../id}}\">\n        {{ display_name }}:\n        {{#if required}}\n            <small>{{lang 'common.required'}}</small>\n        {{/if}}\n    </label>\n    <input class=\"form-input form-input--small\" type=\"text\" id=\"customization_{{id}}_{{../id}}\" {{#if required}}required {{/if}}name=\"ProductFields[{{id}}]\" value=\"{{value}}\">\n</div>\n","components/products/options/date":"<div class=\"form-field\" data-product-attribute=\"date\">\n    <label class=\"form-label form-label--alternate form-label--inlineSmall\" {{#if style}}style=\"{{style}}\" {{/if}}>\n        {{this.display_name}}:\n\n        {{#if required}}\n            <small>{{lang 'common.required'}}</small>\n        {{/if}}\n    </label>\n    <select class=\"form-select form-select--date\" name=\"attribute[{{this.id}}][month]\" {{#if required}}required{{/if}}>\n        <option value=\"\">{{lang 'common.month'}}</option>\n        {{#for 1 12}}\n            <option value=\"{{$index}}\" {{#if ../selected_date.month '==' $index}}selected=\"selected\"{{/if}}>\n                {{lang (concat 'common.short_months.' $index)}}\n            </option>\n        {{/for}}\n    </select>\n    <select class=\"form-select form-select--date\" name=\"attribute[{{this.id}}][day]\" {{#if required}}required{{/if}}>\n        <option value=\"\">{{lang 'common.day'}}</option>\n        {{#for 1 31}}\n            <option value=\"{{$index}}\" {{#if ../selected_date.day '==' $index}}selected=\"selected\"{{/if}}>\n                {{$index}}\n            </option>\n        {{/for}}\n    </select>\n    <select class=\"form-select form-select--date\" name=\"attribute[{{this.id}}][year]\" {{#if required}}required{{/if}}>\n        <option value=\"\">{{lang 'common.year'}}</option>\n        {{#for earliest_year latest_year}}\n            <option value=\"{{$index}}\" {{#if ../selected_date.year '==' $index}}selected=\"selected\"{{/if}}>\n                {{$index}}\n            </option>\n        {{/for}}\n        {{#if earliest_year '==' latest_year}}\n        <option value=\"{{earliest_year}}\" selected=\"selected\">{{earliest_year}}</option>\n        {{/if}}\n    </select>\n</div>\n","components/products/options/input-checkbox":"<div class=\"form-field\" data-product-attribute=\"input-checkbox\">\n    <label class=\"form-label form-label--alternate form-label--inlineSmall\">\n        {{display_name}}:\n\n        {{#if required}}\n            <small>{{lang 'common.required'}}</small>\n        {{/if}}\n    </label>\n\n    <input \n        class=\"form-checkbox\"\n        type=\"checkbox\"\n        name=\"attribute[{{id}}]\"\n        id=\"attribute-{{id}}\"\n        value=\"{{value}}\"\n        {{#if checked}}\n            checked\n            data-default\n        {{/if}}\n        {{#if required}}required{{/if}}>\n\n    <label class=\"form-label {{class}}\" for=\"attribute-{{id}}\">{{label}}</label>\n</div>\n","components/products/options/input-numbers":"<div class=\"form-field\" data-product-attribute=\"input-number\">\n    <label class=\"form-label form-label--alternate form-label--inlineSmall\" for=\"attribute_{{id}}\">\n        {{ this.display_name }}:\n\n        {{#if required}}\n            <small>{{lang 'common.required'}}</small>\n        {{/if}}\n    </label>\n\n    <input class=\"form-input\" type=\"number\" id=\"attribute_{{id}}\" {{#unless this.integer_only}}step=\"any\"{{/unless}} name=\"attribute[{{this.id}}]\" value=\"{{this.prefill}}\" {{#if required}}required{{/if}}>\n</div>\n","components/products/options/input-file":"<div class=\"form-field\" data-product-attribute=\"input-file\">\n    <label class=\"form-label form-label--alternate form-label--inlineSmall\" for=\"attribute_{{id}}\">\n        {{ this.display_name }}:\n\n        {{#if required}}\n            <small>{{lang 'common.required'}}</small>\n        {{/if}}\n    </label>\n\n    <input class=\"form-file\" type=\"file\" id=\"attribute_{{id}}\" name=\"attribute[{{this.id}}]\" {{#if required}}required{{/if}}>\n    {{#if original_name}}\n        {{{lang 'products.file_option_set' url=file_url name=original_name}}}\n        <label>{{lang 'cart.remove_file'}}<input type=\"checkbox\" name=\"{{file_remove}}\"></label>\n    {{/if}}\n    <p class=\"form-fileDescription\">{{#if file_size}}{{lang 'products.max_filesize'}} <strong>{{file_size}}</strong>, {{/if}}{{#if file_types}}{{lang 'products.filetypes'}} <strong>{{file_types}}</strong>{{/if}}</p>\n\n</div>\n","components/products/options/input-text":"<div class=\"form-field\" data-product-attribute=\"input-text\">\n    <label class=\"form-label form-label--alternate form-label--inlineSmall\" for=\"attribute_{{id}}\">\n        {{ this.display_name }}:\n\n        {{#if required}}\n            <small>{{lang 'common.required'}}</small>\n        {{/if}}\n    </label>\n\n    <input class=\"form-input form-input--small\" type=\"text\" id=\"attribute_{{id}}\" name=\"attribute[{{this.id}}]\" value=\"{{this.prefill}}\" {{#if required}}required{{/if}}>\n</div>\n","components/products/options/set-radio":"<div class=\"form-field\" data-product-attribute=\"set-radio\">\n    <label class=\"form-label form-label--alternate form-label--inlineSmall\">\n        {{ this.display_name }}:\n\n        {{#if required}}\n            <small>{{lang 'common.required'}}</small>\n        {{/if}}\n    </label>\n\n    {{#each this.values}}\n        <input\n            class=\"form-radio\"\n            type=\"radio\"\n            id=\"attribute_{{id}}\"\n            name=\"attribute[{{../id}}]\"\n            value=\"{{id}}\"\n            {{#if selected}}\n                checked\n                data-default\n            {{/if}}\n            {{#if ../required}}required{{/if}}>\n        <label data-product-attribute-value=\"{{id}}\" class=\"form-label\" for=\"attribute_{{id}}\">{{this.label}}</label>\n    {{/each}}\n</div>\n","components/products/options/product-list":"<div class=\"form-field\" data-product-attribute=\"product-list\">\n    <label class=\"form-label form-label--alternate form-label--inlineSmall\">\n        {{display_name}}:\n        <span data-option-value></span>\n\n        {{#if required}}\n            <small>{{lang 'common.required'}}</small>\n        {{/if}}\n    </label>\n\n    {{#if values.0.image}}\n        <ul class=\"productOptions-list\">\n            {{#unless required}}\n                <li class=\"productOptions-list-item\">\n                    <input class=\"form-radio\"\n                           type=\"radio\"\n                           name=\"attribute[{{id}}]\"\n                           value=\"0\"\n                           id=\"attribute_0_{{id}}\"\n                           checked=\"{{#if defaultValue '==' 0}}checked{{/if}}\" required>\n                    <label class=\"form-label\" for=\"attribute_0_{{id}}\">{{lang 'products.none'}}</label>\n                </li>\n            {{/unless}}\n            {{#each values}}\n                <li class=\"productOptions-list-item\" data-product-attribute-value=\"{{id}}\">\n                    {{#if image}}\n                        <figure class=\"productOptions-list-item-figure\">\n                            <img class=\"productOptions-list-item-image lazyload\" data-sizes=\"auto\" src=\"{{cdn 'img/loading.svg'}}\" data-src=\"{{getImage image 'productthumb_size'}}\" alt=\"{{image.alt}}\" title=\"{{image.alt}}\">\n                        </figure>\n                    {{/if}}\n                    <div class=\"productOptions-list-item-content\">\n                        <input\n                            class=\"form-radio\"\n                            type=\"radio\"\n                            name=\"attribute[{{../id}}]\"\n                            value=\"{{id}}\"\n                            id=\"attribute_{{id}}\"\n                            {{#if selected}}\n                                checked\n                                data-default\n                            {{/if}}\n                            {{#if ../required}}required{{/if}}>\n                        <label data-product-attribute-value=\"{{id}}\" class=\"form-label\" for=\"attribute_{{id}}\">{{label}}</label>\n                    </div>\n                </li>\n            {{/each}}\n        </ul>\n    {{else}}\n        {{#unless required}}\n        <input class=\"form-radio\"\n               type=\"radio\"\n               name=\"attribute[{{id}}]\"\n               value=\"0\"\n               id=\"attribute_0_{{id}}\"\n               {{#if defaultValue '==' 0}}checked{{/if}}>\n        <label class=\"form-label\" for=\"attribute_0_{{id}}\">{{lang 'products.none'}}</label>\n        {{/unless}}\n        {{#each values}}\n            <input\n                class=\"form-radio\"\n                type=\"radio\"\n                name=\"attribute[{{../id}}]\"\n                value=\"{{id}}\"\n                id=\"attribute_{{id}}\"\n                {{#if selected}}checked{{/if}}\n                {{#if ../required}}required{{/if}}>\n            <label data-product-attribute-value=\"{{id}}\" class=\"form-label\" for=\"attribute_{{id}}\">{{label}}</label>\n        {{/each}}\n    {{/if}}\n</div>\n","components/products/options/set-rectangle":"\n{{!-- style for tooltip --}}\n<style type=\"text/css\">\n    [data-product-attribute] .form-option {\n        overflow: visible;\n    }\n</style>\n\n<div class=\"form-field\" data-product-attribute=\"set-rectangle\">\n    <label class=\"form-label form-label--alternate form-label--inlineSmall\">\n        {{this.display_name}}:\n        <span data-option-value></span>\n        {{#if required}}\n            <small>{{lang 'common.required'}}</small>\n        {{/if}}\n    </label>\n    {{#each this.values}}\n        <input\n            class=\"form-radio\"\n            type=\"radio\"\n            id=\"attribute_{{id}}\"\n            name=\"attribute[{{../id}}]\"\n            value=\"{{id}}\"\n            {{#if selected}}\n                checked\n                data-default\n            {{/if}}\n            {{#if ../required}}required{{/if}}>\n        \n\n        {{#if this.label '==' 'Small'}}\n            <label \n                class=\"form-option\" \n                for=\"attribute_{{id}}\" \n                data-product-attribute-value=\"{{id}}\"\n                data-tooltip=\"Fits Men's Shoe Size 5-9. Small feet need great socks too!\"\n                data-placement=\"bottom\"\n            >\n                <span class=\"form-option-variant\">{{this.label}}</span>\n            </label>\n        \n\n\n        {{else if this.label '==' 'Regular'}}\n            <label \n                class=\"form-option\" \n                data-tooltip=\"Fits Men's Shoe Size 9-13. With additional stretch if needed.\"\n                for=\"attribute_{{id}}\" \n                data-product-attribute-value=\"{{id}}\"\n                data-placement=\"bottom\"\n            >\n                    <span class=\"form-option-variant\">{{this.label}}</span>\n            </label>\n        \n\n\n        {{else}}\n            <label class=\"form-option\" for=\"attribute_{{id}}\" data-product-attribute-value=\"{{id}}\">\n                    <span class=\"form-option-variant\">{{this.label}}</span>\n            </label>\n        {{/if}}\n    {{/each}}\n</div>\n\n","components/products/options/set-select":"<div class=\"form-field\" data-product-attribute=\"set-select\">\n    <label class=\"form-label form-label--alternate form-label--inlineSmall\" for=\"attribute_{{id}}\">\n        {{ this.display_name }}:\n\n        {{#if required}}\n            <small>{{lang 'common.required'}}</small>\n        {{/if}}\n    </label>\n\n    <select class=\"form-select form-select--small\" name=\"attribute[{{this.id}}]\" id=\"attribute_{{id}}\" {{#if required}}required{{/if}}>\n        <option value=\"\">{{lang 'products.choose_options'}}</option>\n        {{#each this.values}}\n            <option data-product-attribute-value=\"{{id}}\" value=\"{{id}}\" {{#if selected}}selected data-default{{/if}}>{{label}}</option>\n        {{/each}}\n    </select>\n</div>\n","components/products/options/swatch":"<div class=\"form-field\" data-product-attribute=\"swatch\">\n    <label class=\"form-label form-label--alternate form-label--inlineSmall\">\n        {{this.display_name}}:\n        <span data-option-value></span>\n\n        {{#if required}}\n            <small>{{lang 'common.required'}}</small>\n        {{/if}}\n    </label>\n\n    {{#each this.values}}\n        <input class=\"form-radio\" type=\"radio\" name=\"attribute[{{../id}}]\" value=\"{{id}}\" id=\"attribute_{{id}}\" {{#if selected}}checked data-default{{/if}} {{#if ../required}}required{{/if}}>\n        <label class=\"form-option form-option-swatch\" for=\"attribute_{{id}}\" data-product-attribute-value=\"{{id}}\">\n            {{#if image}}\n                <span class='form-option-variant form-option-variant--pattern' title=\"{{this.label}}\" style=\"background-image: url('{{getImage image \"swatch_option_size\"}}');\"></span>\n            {{/if}}\n            {{#if data.[2]}}\n                <span class='form-option-variant form-option-variant--color' title=\"{{this.label}}\" style=\"background-color: #{{data.[0]}}\"></span>\n                <span class='form-option-variant form-option-variant--color' title=\"{{this.label}}\" style=\"background-color: #{{data.[1]}}\"></span>\n                <span class='form-option-variant form-option-variant--color' title=\"{{this.label}}\" style=\"background-color: #{{data.[2]}}\"></span>\n            {{else}}\n                {{#if data.[1]}}\n                    <span class='form-option-variant form-option-variant--color' title=\"{{this.label}}\" style=\"background-color: #{{data.[0]}}\"></span>\n                    <span class='form-option-variant form-option-variant--color' title=\"{{this.label}}\" style=\"background-color: #{{data.[1]}}\"></span>\n                {{else}}\n                    {{#if data.[0]}}\n                        <span class='form-option-variant form-option-variant--color' title=\"{{this.label}}\" style=\"background-color: #{{data.[0]}}\"></span>\n                    {{/if}}\n                {{/if}}\n            {{/if}}\n            {{#if pattern}}\n                <span class=\"form-option-expanded\">\n                    <span class=\"form-option-image\" style=\"background-image: url('{{getImage image 'core-swatch'}}');\"></span>\n                </span>\n            {{/if}}\n        </label>\n    {{/each}}\n</div>\n","components/products/options/textarea":"<div class=\"form-field\" data-product-attribute=\"textarea\">\n    <label class=\"form-label form-label--alternate form-label--inlineSmall\" for=\"attribute_{{id}}\">\n        {{display_name}}:\n\n        {{#if required}}\n            <small>{{lang 'common.required'}}</small>\n        {{/if}}\n    </label>\n\n    <textarea class=\"form-input\" id=\"attribute_{{id}}\" name=\"attribute[{{id}}]\" {{#if required}}required{{/if}}>\n        {{prefill}}\n    </textarea>\n</div>\n","components/products/price":"{{#and price.price_range (if theme_settings.price_ranges '==' true)}}\n    {{> components/products/price-range price_range=price.price_range schema_org=schema_org}}\n{{else}}\n    {{#if price.with_tax}}\n        <div class=\"price-section price-section--withTax rrp-price--withTax\" {{#if schema_org}}itemprop=\"offers\" itemscope itemtype=\"http://schema.org/Offer\"{{/if}}>\n            {{#if price.rrp_with_tax}}\n                {{lang 'products.retail_price'}}\n                <span data-product-rrp-with-tax class=\"price price--rrp\"> {{price.rrp_with_tax.formatted}}</span>\n            {{/if}}\n        </div>\n        <div class=\"price-section price-section--withTax non-sale-price---withTax\" {{#if schema_org}}itemprop=\"offers\" itemscope itemtype=\"http://schema.org/Offer\"{{/if}}>\n            {{#if price.non_sale_price_with_tax}}\n                {{lang 'products.price_was'}}\n                <span data-product-non-sale-price-with-tax class=\"price price--rrp\"> {{price.non_sale_price_with_tax.formatted}}</span>\n            {{/if}}\n        </div>\n        <div>\n            <span class=\"price-now-label\">\n                {{#if price.non_sale_price_with_tax}}\n                    {{lang 'products.price_now'}}\n                {{/if}}\n            </span>\n            <span data-product-price-with-tax class=\"price\"> {{price.with_tax.formatted}}</span>\n            {{#if schema_org}}\n                <meta itemprop=\"availability\" content=\"{{product.availability}}\">\n                <meta itemprop=\"itemCondition\" itemtype=\"http://schema.org/OfferItemCondition\" content=\"http://schema.org/{{product.condition}}Condition\">\n                <div itemprop=\"priceSpecification\" itemscope itemtype=\"http://schema.org/PriceSpecification\">\n                    <meta itemprop=\"price\" content=\"{{price.with_tax.value}}\">\n                    <meta itemprop=\"priceCurrency\" content=\"{{currency_selector.active_currency_code}}\">\n                    <meta itemprop=\"valueAddedTaxIncluded\" content=\"true\">\n                </div>\n            {{/if}}\n            {{#if price.without_tax}}\n                <abbr title=\"{{lang 'products.excluding_tax'}}\">{{lang 'products.price_with_tax' tax_label=price.tax_label}}</abbr>\n            {{/if}}\n        </div>\n    {{/if}}\n    {{#if price.without_tax}}\n        <div class=\"price-section rrp-price--withoutTax price-section--withoutTax {{#if price.with_tax}}price-section--minor{{/if}}\"  {{#if schema_org}}itemprop=\"offers\" itemscope itemtype=\"http://schema.org/Offer\"{{/if}}>\n            {{#if price.rrp_without_tax}}\n                {{!-- {{lang 'products.retail_price'}} --}}\n                {{!-- <span data-product-rrp-price-without-tax class=\"price price--rrp\"> {{price.rrp_without_tax.formatted}}</span> --}}\n            {{/if}}\n        </div>\n        <div class=\"price-section non-sale-price---withoutTax price-section--withoutTax {{#if price.with_tax}}price-section--minor{{/if}}\"  {{#if schema_org}}itemprop=\"offers\" itemscope itemtype=\"http://schema.org/Offer\"{{/if}}>\n            {{#if price.non_sale_price_without_tax}}\n                {{lang 'products.price_was'}}\n                <span data-product-non-sale-price-without-tax class=\"price_ price--rrp\"> {{price.non_sale_price_without_tax.formatted}}</span>\n            {{/if}}\n        </div>\n        <div>\n            <span class=\"price-now-label\">\n                {{#if price.non_sale_price_without_tax}}\n                    {{!-- {{lang 'products.price_now'}} --}}\n                {{/if}}\n            </span>\n            <span data-product-price-without-tax class=\"price price--withoutTax1\"> {{price.without_tax.formatted}}</span>\n            {{#if schema_org}}\n                <meta itemprop=\"availability\" itemtype=\"http://schema.org/ItemAvailability\"\n                    content=\"http://schema.org/{{#if product.pre_order}}PreOrder{{else if product.out_of_stock}}OutOfStock{{else if product.can_purchase '===' false}}OutOfStock{{else}}InStock{{/if}}\">\n                <meta itemprop=\"itemCondition\" itemtype=\"http://schema.org/OfferItemCondition\" content=\"http://schema.org/{{product.condition}}Condition\">\n                <div itemprop=\"priceSpecification\" itemscope itemtype=\"http://schema.org/PriceSpecification\">\n                    <meta itemprop=\"price\" content=\"{{price.without_tax.value}}\">\n                    <meta itemprop=\"priceCurrency\" content=\"{{currency_selector.active_currency_code}}\">\n                    <meta itemprop=\"valueAddedTaxIncluded\" content=\"false\">\n                </div>\n            {{/if}}\n            {{#if price.with_tax}}\n                <abbr title=\"{{lang 'products.excluding_tax'}}\">{{lang 'products.price_without_tax' tax_label=price.tax_label}}</abbr>\n            {{/if}}\n        </div>\n    {{/if}}\n    {{!-- {{#if page_type '===' 'product'}}\n        {{#if price.saved}}\n             <div class=\"price-section price-section--saving price\">\n                    <span class=\"price\">{{lang 'products.you_save_opening_text'}}</span>\n                    <span data-product-price-saved class=\"price\">\n                        {{price.saved.formatted}}\n                    </span>\n                    <span class=\"price\">{{lang 'products.you_save_closing_bracket'}}</span>\n             </div>\n        {{/if}}\n    {{/if}} --}}\n{{/and}}\n","components/common/login-for-pricing":"<p translate>Log in for pricing</p>\n","components/products/carousel":"<section class=\"productCarousel\"\n    data-slick='{\n        \"dots\": true,\n        \"infinite\": false,\n        \"mobileFirst\": true,\n        \"slidesToShow\": 2,\n        \"slidesToScroll\": 2,\n        \"touchThreshold\": 10,\n        \"responsive\": [\n            {\n                \"breakpoint\": 1260,\n                \"settings\": {\n                    \"slidesToScroll\": 3,\n                    \"slidesToShow\": 5.4\n                }\n            },\n            {\n                \"breakpoint\": 800,\n                \"settings\": {\n                    \"slidesToScroll\": 3,\n                    \"slidesToShow\": 5\n                }\n            },\n            {\n                \"breakpoint\": 550,\n                \"settings\": {\n                    \"slidesToScroll\": 3,\n                    \"slidesToShow\": 3\n                }\n            }\n        ]\n    }'\n>\n    {{#each products}}\n    <div class=\"productCarousel-slide\">\n        {{> components/products/card theme_settings=../theme_settings customer=../customer}}\n    </div>\n    {{/each}}\n</section>\n","components/common/forms/text":"<div class=\"form-field\" id=\"{{id}}\" data-validation=\"{{validation}}\" {{#if private_id}}data-type=\"{{private_id}}\"{{/if}}>\n    <label class=\"form-label\" for=\"{{id}}_input\">{{label}}\n        {{#if required}}<small>{{lang 'common.required' }}</small>{{/if}}\n    </label>\n    <input type=\"text\" id=\"{{id}}_input\" data-label=\"{{label}}\" name=\"{{name}}\" {{#if value}} value=\"{{value}}\"{{/if}} class=\"form-input\" aria-required=\"{{required}}\" {{#if private_id}}data-field-type=\"{{private_id}}\"{{/if}}>\n</div>\n","components/common/forms/multiline":"<div class=\"form-field\" id=\"{{id}}\" data-validation=\"{{validation}}\">\n    <label class=\"form-label\" for=\"{{id}}_input\">{{label}}\n        {{#if required}}\n            <small>{{lang 'common.required' }}</small>\n        {{/if}}\n    </label>\n    <textarea name=\"{{name}}\" id=\"{{id}}_input\" data-label=\"{{label}}\" rows=\"{{rows}}\" aria-required=\"{{required}}\" class=\"form-input\" {{#if private_id}}data-field-type=\"{{private_id}}\"{{/if}}>{{value}}</textarea>\n</div>\n","components/cloudnav/products/reviews":"\n<a href=\"{{product.url}}{{#if is_ajax}}#write_review{{/if}}\" {{#unless is_ajax }}data-reveal-id=\"modal-review-form\"{{/unless}} class=\"white-bg dark button b0\">\n\tWrite a Review\n</a>\n\n{{#if settings.show_product_reviews}}\n    {{> components/products/reviews reviews=product.reviews product=product urls=urls}}\n{{/if}}\n","components/products/description":"<div class=\"description\">\n    {{{product.description}}}\n    {{{snippet 'product_description'}}}\n</div>\n<a class=\"showMore showButton hide\">Show More</a>\n<a class=\"showLess showButton hide\">Show Less</a>\n\n{{!-- {{#if product.warranty}}\n    <p class=\"productView-title\">{{lang 'products.warranty'}}</p>\n    <div class=\"productView-description\">\n        {{{product.warranty}}}\n    </div>\n{{/if}} --}}\n\n\n\n\n\n<script>\nsetTimeout(() => {\n    var $desc = $('.description');\n    var $showMore = $('.showMore');\n    var $showLess = $('.showLess');\n    var tooTall = $desc.innerHeight() >= 105;\n\n    // reveal \"show more\"\n    if(tooTall){ $showMore.removeClass('hide'); }\n\n    // Click \"showMore\"\n    $showMore.click( function() {\n        $desc.addClass('open');\n        $showMore.addClass('hide');\n        $showLess.removeClass('hide');\n    });\n    \n    // Click \"showLess\"\n    $showLess.click( function() {\n        $desc.removeClass('open');\n        $showLess.addClass('hide');\n        $showMore.removeClass('hide');\n    });\n\n}, 1000);\n</script>","components/common/share":"{{#if settings.add_this.buttons}}\n    <div class=\"addthis_toolbox addthis_32x32_style\" addthis:url=\"{{url}}\"\n         addthis:title=\"{{title}}\">\n        <ul class=\"socialLinks\">\n            {{#each settings.add_this.buttons}}\n                <li class=\"socialLinks-item socialLinks-item--{{service}}\">\n                    <a class=\"addthis_button_{{service}} icon icon--{{service}}\" {{{annotation}}}>\n                        {{#if service '===' 'google_plusone'}}\n                            <!-- No custom icons allowed with g+ -->\n                        {{/if}}\n\n                        {{#if service '===' 'facebook'}}\n                            <svg>\n                                <use xlink:href=\"#icon-facebook\"/>\n                            </svg>\n                        {{/if}}\n\n                        {{#if service '===' 'email'}}\n                            <svg>\n                                <use xlink:href=\"#icon-envelope\"/>\n                            </svg>\n                        {{/if}}\n\n                        {{#if service '===' 'print'}}\n                            <svg>\n                                <use xlink:href=\"#icon-print\"/>\n                            </svg>\n                        {{/if}}\n\n                        {{#if service '===' 'twitter'}}\n                            <svg>\n                                <use xlink:href=\"#icon-twitter\"/>\n                            </svg>\n                        {{/if}}\n\n                        {{#if service '===' 'linkedin'}}\n                            <svg>\n                                <use xlink:href=\"#icon-linkedin\"/>\n                            </svg>\n                        {{/if}}\n\n                        {{#if service '===' 'google'}}\n                            <svg>\n                                <use xlink:href=\"#icon-google\"/>\n                            </svg>\n                        {{/if}}\n\n                        {{#if service '===' 'pinterest'}}\n                            <svg>\n                                <use xlink:href=\"#icon-pinterest\"/>\n                            </svg>\n                        {{/if}}\n\n                        {{#if service '===' 'facebook_like'}}\n                            <svg>\n                                <use xlink:href=\"#icon-facebook_like\"/>\n                            </svg>\n                        {{/if}}\n                    </a>\n                </li>\n            {{/each}}\n        </ul>\n        <script type=\"text/javascript\"\n                src=\"//s7.addthis.com/js/300/addthis_widget.js#pubid=ra-4e94ed470ee51e32\"></script>\n        <script>\n            if (typeof(addthis) === \"object\") {\n                addthis.toolbox('.addthis_toolbox');\n            }\n        </script>\n    </div>\n{{/if}}\n","components/common/wishlist-dropdown":"{{!-- <form action=\"{{product.add_to_wishlist_url}}\" class=\"form form-wishlist form-action\" data-wishlist-add method=\"post\">\n    <a aria-controls=\"wishlist-dropdown\" aria-expanded=\"false\" class=\"button dropdown-menu-button\" data-dropdown=\"wishlist-dropdown\">\n        <span>{{lang 'account.wishlists.add_item'}}</span>\n        <i aria-hidden=\"true\" class=\"icon\">\n            <svg>\n                <use xlink:href=\"#icon-chevron-down\" />\n            </svg>\n        </i>\n    </a>\n    <ul aria-hidden=\"true\" class=\"dropdown-menu\" data-dropdown-content id=\"wishlist-dropdown\" tabindex=\"-1\">\n        {{#if customer.wishlists}} {{#each customer.wishlists}}\n        <li>\n            <input class=\"button {{#if this.num_items '!==' '0'}}button--has-items{{/if}}\" formaction=\"{{this.add_url}}&product_id={{../product.id}}\"\n                type=\"submit\" value=\"{{this.name}}\">\n        </li>\n        {{/each}} {{else}}\n        <li>\n            <input class=\"button\" type=\"submit\" value=\"{{lang 'account.wishlists.add_to_default'}}\">\n        </li>\n        {{/if}}\n        <li>\n            <a data-wishlist class=\"button\" href=\"/wishlist.php?action=addwishlist&product_id={{product.id}}\">{{lang 'account.wishlists.create_new'}}</a>\n        </li>\n    </ul>\n</form>\n --}}\n\n <form action=\"{{product.add_to_wishlist_url}}\" class=\"form form-wishlist form-action\" data-wishlist-add method=\"post\">\n    {{!-- <a aria-controls=\"wishlist-dropdown\" aria-expanded=\"false\" class=\"button dropdown-menu-button\" data-dropdown=\"wishlist-dropdown\">\n        <span>{{lang 'account.wishlists.add_item'}}</span>\n        <i aria-hidden=\"true\" class=\"icon\">\n            <svg>\n                <use xlink:href=\"#icon-chevron-down\" />\n            </svg>\n        </i>\n    </a> --}}\n    <ul id=\"wishlist-dropdown\" tabindex=\"-1\">\n        {{#if customer.wishlists}} {{#each customer.wishlists}}\n        <li>\n            <input class=\"button {{#if this.num_items '!==' '0'}}button--has-items{{/if}}\" formaction=\"{{this.add_url}}&product_id={{../product.id}}\"\n                type=\"submit\" value=\"{{this.name}}\">\n        </li>\n        {{/each}} {{else}}\n        <li>\n            <input class=\"button\" type=\"submit\" value=\"{{lang 'account.wishlists.add_to_default'}}\">\n        </li>\n        {{/if}}\n        <li>\n            <a data-wishlist class=\"button\" href=\"/wishlist.php?action=addwishlist&product_id={{product.id}}\">{{lang 'account.wishlists.create_new'}}</a>\n        </li>\n    </ul>\n</form>\n","components/products/price-range":"{{#and price_range.min.with_tax price_range.max.with_tax}}\n    <div class=\"price-section price-section--withTax\" {{#if schema_org}}itemprop=\"offers\" itemscope itemtype=\"http://schema.org/Offer\"{{/if}}>\n        <span data-product-price-with-tax class=\"price\">{{price_range.min.with_tax.formatted}} - {{price_range.max.with_tax.formatted}}</span>\n        {{#and price_range.min.without_tax price_range.max.without_tax}}\n            <abbr title=\"{{lang 'products.excluding_tax'}}\">{{lang 'products.price_with_tax' tax_label=price_range.min.tax_label}}</abbr>\n        {{else if schema_org}}\n                <meta itemprop=\"availability\" content=\"{{product.availability}}\">\n                <meta itemprop=\"itemCondition\" itemtype=\"http://schema.org/OfferItemCondition\" content=\"http://schema.org/{{product.condition}}Condition\">\n                <div itemprop=\"priceSpecification\" itemscope itemtype=\"http://schema.org/PriceSpecification\">\n                    <meta itemprop=\"minPrice\" content=\"{{price_range.min.with_tax.value}}\"  />\n                    <meta itemprop=\"price\" content=\"{{price_range.min.with_tax.value}}\">\n                    <meta itemprop=\"maxPrice\" content=\"{{price_range.max.with_tax.value}}\"  />\n                    <meta itemprop=\"priceCurrency\" content=\"{{currency_selector.active_currency_code}}\">\n                    <meta itemprop=\"valueAddedTaxIncluded\" content=\"true\">\n                </div>\n        {{/and}}\n    </div>\n{{/and}}\n{{#and price_range.min.without_tax price_range.max.without_tax}}\n    <div class=\"price-section price-section--withoutTax {{#and price_range.min.with_tax price_range.max.with_tax}}price-section--minor{{/and}}\"  {{#if schema_org}}itemprop=\"offers\" itemscope itemtype=\"http://schema.org/Offer\"{{/if}}>\n        <span data-product-price-without-tax class=\"price price--withoutTax\">{{price_range.min.without_tax.formatted}} - {{price_range.max.without_tax.formatted}}</span>\n        {{#and price_range.min.with_tax price_range.max.with_tax}}\n            <abbr title=\"{{lang 'products.excluding_tax'}}\">{{lang 'products.price_without_tax' tax_label=price_range.min.tax_label}}</abbr>\n        {{/and}}\n        {{#if schema_org}}\n            <meta itemprop=\"availability\" content=\"{{product.availability}}\">\n            <meta itemprop=\"itemCondition\" itemtype=\"http://schema.org/OfferItemCondition\" content=\"http://schema.org/{{product.condition}}Condition\">\n            <div itemprop=\"priceSpecification\" itemscope itemtype=\"http://schema.org/PriceSpecification\">\n                <meta itemprop=\"minPrice\" content=\"{{price_range.min.without_tax.value}}\"  />\n                <meta itemprop=\"price\" content=\"{{price_range.min.without_tax.value}}\">\n                <meta itemprop=\"maxPrice\" content=\"{{price_range.max.without_tax.value}}\"  />\n                <meta itemprop=\"priceCurrency\" content=\"{{currency_selector.active_currency_code}}\">\n                <meta itemprop=\"valueAddedTaxIncluded\" content=\"false\">\n            </div>\n        {{/if}}\n    </div>\n{{/and}}\n","components/products/card":"\n<article class=\"card {{#if alternate}}card--alternate{{/if}}\">\n    <a href=\"https://store-xba1p2i5uz.mybigcommerce.com/manage/products/{{id}}/edit\" target=\"_blank\" class=\"edit\"><i class=\"fas fa-pencil-alt\"></i></a>\n\n\n\n    {{#if grooms}}\n        <div class=\"grooms-overlay\" data-name=\"{{name}}\" data-pid=\"{{id}}\"></div>\n    {{/if}}\n\n\n\n    <figure class=\"card-figure {{#if grooms}}disable{{/if}}\">\n        {{#or price.non_sale_price_with_tax price.non_sale_price_without_tax}}\n            {{#if theme_settings.product_sale_badges '===' 'sash'}}\n                <div class=\"sale-flag-sash\">\n                    <span class=\"sale-text\">On Sale!</span>\n                </div>\n            {{else if theme_settings.product_sale_badges '===' 'topleft'}}\n                <div class=\"sale-flag-side\">\n                    <span class=\"sale-text\">On Sale!</span>\n                </div>\n            {{else if theme_settings.product_sale_badges '===' 'burst'}}\n                <div class=\"starwrap\">\n                    <div class=\"sale-text-burst\">On Sale!</div>\n                    <div class=\"sale-flag-star\"></div>\n                </div>\n            {{/if}}\n        {{/or}}\n        {{#if demo}}\n            <div class=\"card-img-container\">\n                <img class=\"card-image lazyload\" data-sizes=\"auto\" src=\"{{cdn 'img/loading.svg'}}\" data-src=\"{{getImage image 'productgallery_size' (cdn theme_settings.default_image_product)}}\" alt=\"{{image.alt}}\" title=\"{{image.alt}}\">\n            </div>\n        {{else}}\n            <a href=\"{{url}}\">\n                <div class=\"card-img-container\">\n                    <img class=\"card-image lazyload\" data-sizes=\"auto\" src=\"{{cdn 'img/loading.svg'}}\" data-src=\"{{getImage image 'productgallery_size' (cdn theme_settings.default_image_product)}}\" alt=\"{{image.alt}}\" title=\"{{image.alt}}\">\n                    {{!-- <img class=\"card-image lazyload\" data-sizes=\"auto\" src=\"{{cdn 'img/loading.svg'}}\" data-src=\"https://cdn7.bigcommerce.com/s-xba1p2i5uz/product_images/uploaded_images/kelkl7ya.png?t=1533568323&_ga=2.232273247.1536004184.1533501411-1453691217.1526140694\" alt=\"{{image.alt}}\" title=\"{{image.alt}}\"> --}}\n                </div>\n            </a>\n        {{/if}}\n        <figcaption class=\"card-figcaption\">\n            <div class=\"card-figcaption-body\">\n                {{#unless hide_product_quick_view}}\n                    {{#if theme_settings.show_product_quick_view}}\n                        {{#unless demo}}\n                            <a href=\"#\" class=\"button button--small card-figcaption-button quickview\" data-product-id=\"{{id}}\">{{lang 'products.quick_view'}}</a>\n                        {{/unless}}\n                    {{/if}}\n                {{/unless}}\n                {{!-- {{#if show_compare}}\n                    <label class=\"button button--small card-figcaption-button\" for=\"compare-{{id}}\">\n                        {{lang 'products.compare'}} <input type=\"checkbox\" name=\"products[]\" value=\"{{id}}\" id=\"compare-{{id}}\" data-compare-id=\"{{id}}\">\n                    </label>\n                {{/if}} --}}\n                {{#or customer (if theme_settings.restrict_to_login '!==' true)}}\n                    {{#if show_cart_action}}\n                        {{#if has_options}}\n                            {{!-- <a href=\"{{url}}\" class=\"button button--small card-figcaption-button\" data-product-id=\"{{id}}\">{{lang 'products.choose_options'}}</a> --}}\n                        {{/if}}\n                        {{#if pre_order}}\n                            <a href=\"{{pre_order_add_to_cart_url}}\" class=\"button button--small card-figcaption-button\">{{lang 'products.pre_order'}}</a>\n                        {{/if}}\n                        {{!-- {{#if add_to_cart_url }} --}}\n                            <div class=\"cloudnav_addtocart_{{id}}\"></div>\n                            {{!-- <a href=\"{{add_to_cart_url}}\" class=\"button button--small card-figcaption-button\">{{lang 'products.add_to_cart'}}</a> --}}\n                        {{!-- {{/if}} --}}\n                        {{#if out_of_stock_message }}\n                            <a href=\"{{url}}\" class=\"button button--small card-figcaption-button\" data-product-id=\"{{id}}\">{{out_of_stock_message}}</a>\n                        {{/if}}\n                    {{/if}}\n                {{/or}}\n                {{#if add_to_cart_url }}\n                {{/if}}\n            </div>\n        </figcaption>\n    </figure>\n    <div class=\"card-body {{#if grooms}}disable{{/if}}\">\n            <div class=\"bg-light\">\n                {{> components/products/addtocart-cloudnav}}\n            </div>\n        {{#if show_rating}}\n            <p class=\"card-text\" data-test-info-type=\"productRating\">\n                <span class=\"rating--small\">\n                    {{> components/products/ratings rating=rating}}\n                </span>\n            </p>\n        {{/if}}\n        {{#if brand.name}}\n            <p class=\"card-text brand\" data-test-info-type=\"brandName\">{{brand.name}}</p>\n        {{/if}}\n        <h4 class=\"card-title\">\n            {{#if demo}}\n                {{name}}\n            {{else}}\n                <div class=\"f price yellow\"><strong>{{> components/products/price price=price}}</strong></div>\n                <a href=\"{{url}}\">{{name}}</a>\n            {{/if}}\n        </h4>\n\n        <div class=\"card-text\" data-test-info-type=\"price\">\n            {{#or customer (if theme_settings.restrict_to_login '!==' true)}}\n                {{> components/products/price price=price}}\n            {{else}}\n                {{> components/common/login-for-pricing}}\n            {{/or}}\n        </div>\n        {{> components/products/bulk-discount-rates}}\n    </div>\n</article>\n","components/products/reviews":"{{#if reviews.total}}\n<section class=\"toggle productReviews\" id=\"product-reviews\" data-product-reviews>\n    <h4 class=\"toggle-title\">\n        {{lang 'products.reviews.header' total=reviews.total}}\n        <a class=\"toggleLink is-open\" data-collapsible href=\"#productReviews-content\">\n            <span class=\"toggleLink-text toggleLink-text--on\">\n                {{lang 'products.reviews.hide'}}\n            </span>\n            <span class=\"toggleLink-text toggleLink-text--off\">\n                {{lang 'products.reviews.show'}}\n            </span>\n        </a>\n    </h4>\n    <div class=\"toggle-content_ is-open\" id=\"productReviews-content\" aria-hidden=\"false\">\n        <ul class=\"productReviews-list\" id=\"productReviews-list\">\n            {{#each reviews.list}}\n            <li class=\"productReview\">\n                <article itemprop=\"review\" itemscope itemtype=\"http://schema.org/Review\">\n                    <header>\n                        <span class=\"productReview-rating rating--small\" itemprop=\"reviewRating\" itemscope itemtype=\"http://schema.org/Rating\">\n                            {{> components/products/ratings rating=rating}}\n                            <span class=\"productReview-ratingNumber\" itemprop=\"ratingValue\">{{ rating }}</span>\n                        </span>\n                        <h5 itemprop=\"name\" class=\"productReview-title\">{{ title }}</h5>\n                    </header>\n                    <p itemprop=\"reviewBody\" class=\"productReview-body\">{{nl2br text}}</p>\n                    {{#if name}}\n                        <meta itemprop=\"author\" content=\"{{name}}\">\n                        <p class=\"productReview-author\">\n                            {{lang 'products.reviews.post_on_by' date=date name=name }}\n                            {{!-- Posted on {{date}} --}}\n                        </p>\n                    {{else}}\n                        <p class=\"productReview-author\">\n                            {{lang 'products.reviews.post_on_by' date=date name=(lang 'products.reviews.anonymous_poster')}}\n                        </p>\n                    {{/if}}\n                </article>\n            </li>\n            {{/each}}\n        </ul>\n        {{> components/common/paginator pagination.reviews}}\n    </div>\n</section>\n{{/if}}\n{{{snippet 'reviews'}}}\n","components/products/addtocart-cloudnav":"\n<a \n    href=\"{{add_to_cart_url}}\" \n    data-cart-item-add-{{quick}}\n    data-cart-item-add-2\n    data-wait-message=\"{{lang 'products.adding_to_cart'}}\"\n    class=\"button hide button--small card-figcaption-button\"\n    data-submits=\"{{id}}\"\n>\n    {{lang 'products.add_to_cart'}}\n    {{#if quick}}\n        <i class=\"fa fa-arrow-right\"></i>\n    {{/if}}\n</a>\n\n\n<form data-item-add-{{id}}  class=\"hide {{quick}}\">\n    <input type=\"text\" name=\"action\" value=\"add\">\n    <input type=\"text\" name=\"product_id\" value=\"{{id}}\"/>\n    <input type=\"text\" name=\"qty[]\" value=\"1\">\n    <input type=\"text\" name=\"url\" value=\"{{url}}\">\n    <input id=\"form-action-addToCart\" data-wait-message=\"{{lang 'products.adding_to_cart'}}\" class=\"button button--primary\" type=\"submit\" value=\"{{#if product.pre_order}}{{lang 'products.pre_order'}}{{else}}{{lang 'products.add_to_cart'}}{{/if}}\">\n\n\n    {{!-- still working on accessing options --}}\n    <div data-product-option-change style=\"display:none;\">\n        {{#each options}}\n            <h3>{{this.display_name}}</h3>\n            {{{dynamicComponent 'components/products/options'}}}\n        {{/each}}\n    </div>\n\n\n\n\n\n</form>\n\n{{!-- <div id=\"previewModal\" class=\"modal modal--large\" data-reveal>\n    <a href=\"#\" class=\"modal-close\" aria-label=\"{{lang 'common.close'}}\" role=\"button\">\n        <span aria-hidden=\"true\">&#215;</span>\n    </a>\n    <div class=\"modal-content\"></div>\n    <div class=\"loadingOverlay\"></div>\n</div> --}}\n\n\n","components/common/paginator":"<div class=\"pagination\">\n    <ul class=\"pagination-list\">\n        {{#if previous}}\n            <li class=\"pagination-item pagination-item--previous\">\n                <a class=\"pagination-link\" href=\"{{previous}}\" {{#unless reload}}data-faceted-search-facet{{/unless}}>\n                    <i class=\"icon\" aria-hidden=\"true\">\n                        <svg>\n                            <use xmlns:xlink=\"http://www.w3.org/1999/xlink\" xlink:href=\"#icon-chevron-left\"></use>\n                        </svg>\n                    </i>\n                    {{lang 'common.previous'}}\n                </a>\n            </li>\n        {{/if}}\n        {{#each links}}\n            {{#if this.number '==' ../current}}\n                <li class=\"pagination-item pagination-item--current\">\n                    <a class=\"pagination-link\" href=\"{{this.url}}\" {{#unless reload}}data-faceted-search-facet{{/unless}}>{{this.number}}</a>\n                </li>\n            {{else}}\n                <li class=\"pagination-item\">\n                    <a class=\"pagination-link\" href=\"{{this.url}}\" {{#unless reload}}data-faceted-search-facet{{/unless}}>{{this.number}}</a>\n                </li>\n            {{/if}}\n        {{/each}}\n\n        {{#if next}}\n            <li class=\"pagination-item pagination-item--next\">\n                <a class=\"pagination-link\" href=\"{{next}}\" {{#unless reload}}data-faceted-search-facet{{/unless}}>\n                    {{lang 'common.next'}}\n                    <i class=\"icon\" aria-hidden=\"true\">\n                        <svg>\n                            <use xmlns:xlink=\"http://www.w3.org/1999/xlink\" xlink:href=\"#icon-chevron-right\"></use>\n                        </svg>\n                    </i>\n                </a>\n            </li>\n        {{/if}}\n    </ul>\n</div>\n"}
